"Código (SKU)";"Descrição";"Estoque físico"
;"g20x0350";"0,00"
;"PISCA RETROV";"0,00"
;"RETROV EXT";"0,00"
;"RETROV EXT  CR";"0,00"
"20A1404";"ACABAMENTO RETROV 25/27/31C.";"0,00"
"20UE65CL";"LAMINA LENTE SUB RETROV. FORD CARGO MAIOR 65CCL";"0,00"
"20W4390";"LAMINA LENTE MENOR COSTELLATION ZOIO";"0,00"
"347002";"RETROV EXT SPRINTER 95/12 LD FIXO BRACO CUTO";"0,00"
"347003";"RETROV EXT SPRINTER 95/12 LE FIXO BRACO CURTO";"0,00"
"347037";"RETROV EXT RANGER 10/12 LE CE PRETO";"0,00"
"347064";"RETROV EXT PEUGEOT 307 02/06 LD CE";"0,00"
"347065";"RETROV EXT PEUGEOT 307 02/06 LE CE";"0,00"
"347068";"RETROV EXT SANDERO/LOGAN 07/10 LD CR";"0,00"
"347069";"RETROV EXT SANDERO/LOGAN 07/10 LE CR";"0,00"
"347077";"RETROV EXT FRONTIER 08/14 LE CE CROMADO";"0,00"
"347086";"RETROV EXT HILUX 05/11 LD CE SW4 CROMADO";"0,00"
"347087";"RETROV EXT HILUX 05/11 LE CE SW4 CROMADO";"0,00"
"347092";"RETROV EXT MARCH 11/16 LD CE PRETO";"0,00"
"347093";"RETROV EXT MARCH 11/16 LE CE PRETO";"0,00"
"347095";"RETROV EXT TIIDA  08/11 LD CE PRETO";"0,00"
"347096";"RETROV EXT TIIDA  08/11 LE CE PRETO";"0,00"
"347097";"RETROV EXT HILUX 12/15 LE CE C/PISCA CROMO";"0,00"
"347100";"CAPA RETROV EXT HILUX 13/15 LD C/FURO CROMADA";"1,00"
"347101";"RETROV EXT PUNTO 07/12 LD CE CABEÇA GRANDE";"0,00"
"347128";"RETROV EXT BERLINGO 96/07 LE CR";"0,00"
"347129";"RETROV EXT SONIC 12> LD CE PRETO LISO";"0,00"
"347130";"RETROV EXT SONIC 12> LE CE PRETO LISO";"0,00"
"347141";"RETROV EXT HB20 12/17 LE CE C/ PISCA";"0,00"
"347142";"RETROV EXT HB20 12/17 LE CE C/ PISCA";"0,00"
"34832";"RETROV EXT DUCATO 03> LD FIXO";"0,00"
"34865";"RETROV EXT RANGER 98/04 LE FIXO";"0,00"
"34922";"RETROV EXT MEGANE 06>  LE CE";"0,00"
"35651";"RETROV EXT FOCUS 09> CE LE C/PÍSCA";"0,00"
"35652";"RETROV EXT FOCUS 09> CE LD C/PÍSCA";"0,00"
"47077";"RETROV EXT FOCUS 14> LD CE C/PISCA CAPA PRIMER";"0,00"
"47078";"RETROV EXT FOCUS 14> LE CE C/PISCA CAPA PRIMER";"0,00"
"A1015500";"RETROV INT PEUGEOT 207 PRISMATICO";"0,00"
"ANT001";"ANTENA UNIVERSAL MOD SHARK C/LED";"6,00"
"CC20Q4024";"MOTOR VECTRA ELET. C/FOLDWAY LD";"17,00"
"CC20R0324";"MOTOR RETROV NEW CIVIC 09> 3 FIOS LE";"1.970,00"
"CC20R0424";"MOTOR RETROV NEW CIVIC 09> 3 FIOS LD";"1.970,00"
"CC20R0524";"MOTOR RETROV NEW CIVIC 09> 5 FIOS LE";"75,00"
"CC20R0624";"MOTOR RETROV NEW CIVIC 09> 5 FIOS LD";"75,00"
"CC20S4324";"MOTOR RETROV ECOSPORT 03> RANGER 05/07 LD 3 PINOS";"0,00"
"CP202465";"CAPA COBERTURA CAMINHAO LD";"0,00"
"CP202565";"CAPA COBERTURA CAMINHAO LE";"0,00"
"CP20AJ866";"CAPA RETROV PULSE C/FURO LD LISA";"725,00"
"CP20AJ966";"CAPA RETROV PULSE C/FURO LE LISA";"725,00"
"CP20P2465";"CAPA COBERTURA BRACO LD";"0,00"
"CP20P2565";"CAPA COBERTURA BRACO LE";"0,00"
"CP20T6413";"CAPA RETROV AMAROK 10> LD INF TEXT.";"0,00"
"CP20T6513";"CAPA RETROV AMAROK 10> LE INF TEXT.";"0,00"
"CP20U1705";"ACABAMENTO DO TIRANTE COSTELLATION LE";"0,00"
"CP20U1805";"ACABAMENTO DO TIRANTE COSTELLATION LD";"0,00"
"CP20Z3401";"ARO RETROV HB20 20> S/FURO LD";"0,00"
"CP20Z3501";"ARO RETROV HB20 20> S/FURO LE";"0,00"
"CP20Z3601";"ARO RETROV HB20 20> C/FURO LD";"0,00"
"CP20Z3701";"ARO RETROV HB20 20> C/FURO LE";"0,00"
"CP5041601";"SUPORTE DE PLACA CRUZE 12/15 COLOR";"160,00"
"CV2072703";"LAMINA ESPELHO RETROV PLANA SCANIA";"15,00"
"EB761";"PISCA RETROV FLUENSE LE IMP";"0,00"
"EB762";"PISCA RETROV FLUENSE LD IMP";"0,00"
"RC1I41PR";"RETROV INT HB20 20>";"63,00"
"RCAE2CE";"RETROV EXT HB20 22> LD CE C/SIDE";"0,00"
"RCAE3CE";"RETROV EXT HB20 22> LE CE C/SIDE";"0,00"
"RCAE4CE";"RETROV EXT HB20 22> LD CE C/SIDE C/FOLD";"0,00"
"RCAE5CE";"RETROV EXT HB20 22> LE CE C/SIDE C/FOLD";"0,00"
"RCAE6CE";"RETROV EXT HB20 22> LE CE C/SIDE C/FOLD BSD";"0,00"
"RCAE7CE";"RETROV EXT HB20 22> LE CE C/SIDE C/FOLD BSD";"0,00"
"RCAE8CE";"RETROV EXT HB20 22> LD CE S/SIDE";"0,00"
"RCAE9CE";"RETROV EXT HB20 22> LE CE S/SIDE";"0,00"
"RCC20K1695";"PISCA RETROV FRONTIER 19> LD";"0,00"
"RCC20K1795";"PISCA RETROV FRONTIER 19> LD";"0,00"
"RCC20R8195";"PISCA DO RETROV GOLF/ POLO - 07>2011 LE";"0,00"
"RCC20R8295";"PISCA DO RETROV GOLF/ POLO - 07>2011 LD";"0,00"
"RCC20S7495";"PISCA DO RETROV KA 08/ LD";"0,00"
"RCC20S7595";"PISCA DO RETROV KA 08/ LE";"28,00"
"RCC20T2495";"PISCA DO RETROV VECTRA 10> LD";"0,00"
"RCC20T2595";"PISCA DO RETROV VECTRA 10> LE";"0,00"
"RCC20T2695";"PISCA DO RETROV VECTRA 10> LD - COM LAMPADA DE SOLO";"0,00"
"RCC20T2795";"PISCA DO RETROV VECTRA 10> LE - COM LAMPADA DE SOLO";"0,00"
"RCC20T4695";"PISCA DO RETROV GOL G6/ VOYGE/ SAVEIRO/ FOX/ POLO/ GOLF LD";"0,00"
"RCC20T4795";"PISCA DO RETROV GOL G6/ VOYGE/ SAVEIRO/ FOX/ POLO/ GOLF LE";"0,00"
"RCC20T8295";"PISCA DO RETROV IDEA 11>LD";"0,00"
"RCC20T8395";"PISCA DO RETROV IDEA 11>LE";"0,00"
"RCC20T9295";"PISCA DO RETROV GOL G5/ SAVEIRO/ VOYAGE LD";"0,00"
"RCC20T9395";"PISCA DO RETROV GOL G5/ SAVEIRO/ VOYAGE LE";"0,00"
"RCC20U1095";"PISCA DO RETROV RANGER 12 > LD";"0,00"
"RCC20U1195";"PISCA DO RETROV RANGER 12 > LE";"0,00"
"RCC20W2367";"CAPA RETROV S10 12> LE";"0,00"
"RCC20W3995";"PISCA DO RETROV S-10 12> LE";"0,00"
"RCC20W4095";"PISCA DO RETROV S-10 12> LD";"91,00"
"RCC20X0195";"PISCA DO RETROV ETIOS 2014> LE";"0,00"
"RCC20X0295";"PISCA DO RETROV ETIOS 2014> LD";"0,00"
"RCC20X1795";"PISCA DO RETROV UNO VIVACE LE";"87,00"
"RCC20X1895";"PISCA DO RETROV UNO VIVACE LD";"61,00"
"RCC20X2695";"PISCA DO RETROV - FIAT TORO/JEEP COMPASS/ JEEP COMMADER LD";"87,00"
"RCC20X2795";"PISCA DO RETROV - FIAT TORO/JEEP COMPASS/ JEEP COMMADER LE";"135,00"
"RCC20X4395";"PISCA RETROV DOBLO 10> LE";"0,00"
"RCC20X4495";"PISCA RETROV DOBLO 10> LD";"0,00"
"RCC20Y1195";"PISCA DO RETROV GOLF 15> LE";"79,00"
"RCC20Y1295";"PISCA DO RETROV GOLF 15> LD";"17,00"
"RCC20Y1795";"PISCA DO RETROV ARGO 2017> LE";"0,00"
"RCC20Y1895";"PISCA DO RETROV ARGO 2017> LD";"0,00"
"RCC20Y2195";"PISCA DO RETROV YARIS LE";"0,00"
"RCC20Y2295";"PISCA DO RETROV YARIS LD";"0,00"
"RCC20Y5195";"PISCA DO RETROV KICKS 2017> LE";"0,00"
"RCC20Y5295";"PISCA DO RETROV KICKS 17> LD";"0,00"
"RCC20Y7195";"PISCA DO RETROV MOBI 2014>LE";"377,00"
"RCC20Y7295";"PISCA DO RETROV MOBI 2014>LD";"236,00"
"RCC20Y9195";"PISCA DO RETROV CRETA 2017> LE";"0,00"
"RCC20Y9295";"PISCA DO RETROV CRETA 17> LD";"0,00"
"RCC20Z3695";"PISCA RETROV HB 20 2020> LD";"0,00"
"RCC20Z3795";"PISCA RETROV HB 20 2020> LE";"0,00"
"RCC20Z7395";"PISCA RETROV HB20 19> LE";"0,00"
"RCC20Z7495";"PISCA RETROV HB20 19> LD";"0,00"
"RCC5038095";"PISCA RETROV IDEA/PALIO ADVENTURE LD";"0,00"
"RCC5038195";"PISCA RETROV IDEA/PALIO ADVENTURE LE";"0,00"
"RCCE80FX";"RETROV EXT JEPP WRANGLER LD FIXO";"5,00"
"RCP20H1401PRI";"CAPA RETROV GOL 99/08 LD PRIMER";"0,00"
"RCP20M2001L";"CORPO INT. LISO GOL GIII LD";"0,00"
"RCP20M2101L";"CORPO INT. LISO GOL GIII LE";"157,00"
"RCP20N4466PRI";"CAPA RETROV FOX 03> LD PRIMER";"0,00"
"RCP20N4566PRI";"CAPA RETROV FOX 03> LE PRIMER";"0,00"
"RCP20Q3866PRI";"CAPA RETROV VECTRA 06/08 LD PRIMER";"0,00"
"RCP20Q3966PRI";"CAPA RETROV VECTRA 06/08 LE PRIMER";"0,00"
"RCP20R8001PRI";"CAPA RETROV GOLF 07> LD PRIMER";"0,00"
"RCP20R8101PRI";"CAPA RETROV GOLF 07> LE PRIMER";"0,00"
"RCP20T2466PRI";"CAPA RETROV VECTRA 05> LD PRIMER";"0,00"
"RCP20T2566PRI";"CAPA RETROV VECTRA 05> LE PRIMER";"0,00"
"RCP20T4253";"ARO RETROV LINHA VOLKS LD SF/PISCA METAGAL";"282,00"
"RCP20T4353";"ARO RETROV LINHA VOLKS LE SF/PISCA METAGAL";"0,00"
"RCP20T4653";"ARO RETROV LINHA VOLKS LD CF/PISCA METAGAL";"499,00"
"RCP20T4753";"ARO RETROV LINHA VOLKS LE CF/PISCA METAGAL";"0,00"
"RCP20T5266PRI";"CAPA RETROV CITROEN AIR CROSS 11> LD PRIMER";"85,00"
"RCP20T5366PRI";"CAPA RETROV CITROEN AIR CROSS 11> LE PRIMER";"135,00"
"RCP20U0666CR";"CAPA RETROV RANGER 12> LD S/PISCA CROMADA";"0,00"
"RCP20U0766CR";"CAPA RETROV RANGER 12> LE S/PISCA CROMADA";"0,00"
"RCP20U1066CR";"CAPA RETROV RANGER 12> LD C/PISCA CROMADA";"0,00"
"RCP20U1166CR";"CAPA RETROV RANGER 12> LE C/PISCA CROMADA";"0,00"
"RCP20U6666PRI";"CAPA RETROV RANGER 12> LD PRIMER";"195,00"
"RCP20V1666PRI";"CAPA RETROV PALIO 11> 2P (ECONOMY) LD PRIMER";"0,00"
"RCP20V1766PRI";"CAPA RETROV PALIO 11> 2P (ECONOMY) LE PRIMER";"0,00"
"RCP20V6266";"MOTOR ELET RETROV EXT HILUX 13> LD";"0,00"
"RCP20V6366";"MOTOR ELETR RETROV EXT HILUX 13> LE";"0,00"
"RCP20V9666PRI";"CAPA RETROV UNO 10> LD PRIMER";"95,00"
"RCP20V9766PRI";"CAPA RETROV UNO 10> LE PRIMER";"0,00"
"RCP20W4307";"BASE RETROV CAMINHAO VW CONSTELATION SUPERIOR LE";"0,00"
"RCP20W4407";"BASE RETROV CAMINHAO VW CONSTELATION SUPERIOR LD";"0,00"
"RCP20X1766PRI";"CAPA RETROV UNO VIVACE 14> CR LE C/PISCA PRIMER";"0,00"
"RCP20X1866PRI";"CAPA RETROV UNO VIVACE 14> CR LD C/PISCA PRIMER";"95,00"
"RCP20X3066CR";"CAPA RETROV TORO 17> LD CROMADA";"0,00"
"RCP20X3166CR";"CAPA RETROV TORO 17> LE CROMADA";"369,00"
"RCP20Y1166PRI";"CAPA RETROV GOLF 15> LE PRIMER";"0,00"
"RCP20Y1266PRI";"CAPA RETROV GOLF 15> LE PRIMER";"0,00"
"RCP20Y1666PRI";"CAPA RETROV ARGO 17> LD PRIMER";"0,00"
"RCP20Y1966PRI";"CAPA RETROV ARGO 17> LE C/FURO PRIMER";"78,00"
"RCP20Y2066PRI";"CAPA RETROV ARGO 17> LD C/FURO PRIMER";"0,00"
"RCP20Y7166PRI";"PISCA RETROV MOBI 14> LE C/PISCA PRIMER";"72,00"
"RCYC91COLOR";"CAPA RETROV CRETA 17> LE COLOR";"612,00"
"RCYC91LI";"CAPA RETROV CRETA 2017> LE LISA P/ PINTURA";"63,00"
"RCYC92COLOR";"CAPA RETROV CRETA 17> LE COLOR";"612,00"
"RCYC92LI";"CAPA RETROV LISA P/ PINTURA CRETA 17> LD";"0,00"
"RCYE91CE";"RETROV EXT CRETA C/ PISCA C/ ELETR LE";"0,00"
"RCYE92CE";"RETROV EXT CRETA C/ PISCA LD CE";"0,00"
"RCYE93CE";"RETROV EXT CRETA C/ PISCA + POWER FOLD (FECHAMENTO) LE CE";"82,00"
"RCYE94CE";"RETROV EXT CRETA C/ PISCA + POWER FOLD (FECHAMENTO) LD CE";"0,00"
"RCYM91";"SUBCONJUNTO CRETA 2017> LE";"0,00"
"RCYM92";"SUBCONJUNTO CRETA 2017> LD";"0,00"
"RCZC36COLOR";"CAPA RETROV HB20 20> C/FURO COLOR LD";"4.190,00"
"RCZC36LI";"CAPA RETROV LISA P/ PINTURA HB20 20> C/FURO DE PISCA LD";"78,00"
"RCZC37COLOR";"CAPA RETROV HB20 20> C/FURO COLOR LE";"4.095,00"
"RCZC37LI";"CAPA RETROV LISA P/ PINTURA HB20 - 2020> LE - C/FURO DE PISCA";"85,00"
"RCZC38LI";"CAPA RETROV HB20 19> LD LISA C/FURO P/PISCA";"0,00"
"RCZC73LI";"CAPA RETROV LISA P/ PINTURA HB20 - 2020> LE - S/FURO DE PISCA";"61,00"
"RCZC74LI";"CAPA RETROV LISA P/ PINTURA HB20 - 2020> LD - S/FURO DE PISCA";"373,00"
"RCZE34CR";"RETROV EXT HB20  20> LD CR";"0,00"
"RCZE35CR";"RETROV EXT HB20 20> LE CR";"0,00"
"RCZE36CE";"RETROV EXT HB 20 - 2020> C/ PISCA LD CE";"0,00"
"RCZE37CE";"RETROV EXT HB 20 - 2020> C/ PISCA LE CE";"0,00"
"RCZE38CE";"RETROV EXT C/ELETR HB20 2020> C/ PISCA (FECHAMENTO) POWER FOLD LD";"0,00"
"RCZE39CE";"RETROV EXT HB 20 - 20202> C/ PISCA + FECHAMENTO ( POWER FOLD) LE CE";"0,00"
"RCZM34";"SUBCONJUNTO HB20 20> LD";"0,00"
"RCZM35";"SUBCONJUNTO HB20 20> LE";"0,00"
"RF0I33PR";"RETROV INTERNO PRISMAT CORCEL II/ BELINA/DEL REY/ SCALA";"0,00"
"RF0I55PL";"RETROV INT CORCEL II/BELINA/DEL REY/SCALA PLANO";"0,00"
"RF1I09PR";"RETROV INT ESCORT/VERSAILLES/SANTANA/QUANTUM/FIESTA PRISMATICO";"0,00"
"RF1I50PR";"RETROV INT FIESTA 02>  / COURIER 97> / KA 07> TROLLER T4 14> PRISMATICO";"0,00"
"RF20Y1000";"RETROV EXT  CAMINHAO FORD";"0,00"
"RF20Y1150";"RETROV EXT  CAMINHAO FORD";"0,00"
"RF20Y1250";"RETROV EXT XT  CAMINHAO FORD";"0,00"
"RF20Y1400";"RETROV EXT  CAMINHAO FORD";"0,00"
"RF20Y4550";"RETROV EXT  CE C/FOLDWAY E SIDE";"0,00"
"RF4M69";"LENTE RETROV ESCORT 84/96 LE";"0,00"
"RF5E77FX";"RETROV EXT  ESCORT 87/92 LE FIXO";"0,00"
"RF7M46";"LENTE RETROV F1000 85/92 LD";"0,00"
"RF7M81";"LENTE RETROV CORCEL LE";"389,00"
"RF8E41FX";"RETROV EXT FIXO PAMPA  84>97 ( REVERSÍVEL ) LE/LD";"0,00"
"RF8E90CR";"RETROV EXT VERSAILLES 91> LD CR";"0,00"
"RF8E91CR";"RETROV EXT VERSAILLES LE CR";"0,00"
"RFAC6CE";"RETROV EXT RANGER 14> LD CE C/PISCA CROMO";"5,00"
"RFAC7CE";"RETROV EXT RANGER 14> LE CE C/PISCA CROMO";"0,00"
"RFAE28CE";"RETROV. EXTERNO C/ELETR PICK-UP F-1000 LD 93>";"0,00"
"RFAE29CE";"RETROV. EXTERNO C/ELETR PICK-UP F-1000 LE 93>";"0,00"
"RFAE40FX";"RETROV EXT FIXO PICK-UP F1000 LD 93>";"0,00"
"RFAE41FX";"RETROV EXT FIXO PICK-UP F1000 LE 93>";"0,00"
"RFGE21CR";"RETROV EXT C/REM FIESTA STREET/ SEDAN LE 96>99";"0,00"
"RFGE22CR";"RETROV EXT C/REM FIESTA STREET/ SEDAN LD 96>99";"0,00"
"RFGE71FX";"RETROV EXT FIXO FIESTA STREET/SEDAN LE 96>99";"0,00"
"RFGE74CC";"RETROV EXT  CARGO 814/815 LD CONJ COMPL";"0,00"
"RFGE75CC";"RETROV EXT  CARGO 814/815 LE CONJ COMPL";"0,00"
"RFGM36HE";"LENTE RETROV ESCORT ZETEC 97> LD C/AQUEC";"0,00"
"RFHC21";"CAPA RETROV F250 LE TEXTURIZADA";"0,00"
"RFHC22";"CAPA RETROV F250 LD TEXTURIZADA";"0,00"
"RFHE08FX";"RETROV EXT FIXO FIESTA STREET/SEDAN LD 96>99";"0,00"
"RFHE15CC";"RETROV EXT  CARGO 97> LE CONJ COMPL";"0,00"
"RFHE16CC";"RETROV EXT  CARGO 97> LD CONJ COMPL";"0,00"
"RFHE21FX";"RETROV EXT FIXO PICK-UP F-250 LE 98>";"0,00"
"RFHE22FX";"RETROV EXT FIXO PICK-UP F-250 LD 98>";"0,00"
"RFHE23CE";"RETROV EXT C/ELETR PICK-UP F-250 LE 98>";"0,00"
"RFHE24CE";"RETROV EXT C/ELETR PICK-UP F-250 LD 98>";"0,00"
"RFHE25CC";"RETROV. EXT FORD F350 98> LE CONJ COMPL";"0,00"
"RFHE26CC";"RETROV. EXT FORD F350 98> LD CONJ COMPL";"0,00"
"RFHE27CC";"RETROV EXT  FORD F800 98> LE CONJ COMPL";"0,00"
"RFHE28CC";"RETROV EXT  FORD F800 98> LD CONJ COMPL";"0,00"
"RFHE38CR";"RETROV EXT C/REM PICK-UP COURIER LD 97>";"0,00"
"RFHE39CR";"RETROV EXT C/REM PICK-UP COURIER LE 97>";"0,00"
"RFHE84CR";"RETROV EXT KA 97> LD CR INDY";"0,00"
"RFHE85CR";"RETROV EXT KA 97> LE CR INDY";"0,00"
"RFHE92CE";"RETROV EXT  COURIER 97> LD CE";"13,00"
"RFHE93CE";"RETROV EXT  COURIER 97> LE CE";"0,00"
"RFHM21";"SUBCONJUNTO F 250 LE";"0,00"
"RFHM22";"SUBCONJUNTO F250 LD";"215,00"
"RFIC247";"RETROV INT C/CAMERA LINHA FORD";"1,00"
"RFIC247C";"RETROV INT C/CAMERA LINHA FORD";"0,00"
"RFMC78";"CAPA RETROV TEXTURIZADA - FIESTA AMAZON/ KA 08>13 LD";"0,00"
"RFMC79";"CAPA RETROV TEXTURIZADA - FIESTA AMAZON/ KA 08>13 LE";"19,00"
"RFMC94";"CAPA RETROV TEXTURIZADA ECOSPORT 94/12 / RANGER 05/09 LD";"0,00"
"RFMC94LI";"CAPA RETROV ECOSPORT 03> LD";"0,00"
"RFMC95";"CAPA RETROV TEXTURIZADA ECOSPORT 94/12 / RANGER 05/09 LE";"0,00"
"RFMC95LI";"CAPA RETROV ECOSPORT 03> LE";"0,00"
"RFME78CR";"RETROV EXT C/REM FIESTA 02> LD";"0,00"
"RFME79CR";"RETROV EXT C/REM FIESTA 02> LE";"0,00"
"RFME80CE";"RETROV EXT C/ELETR FIESTA 02> LD";"0,00"
"RFME81CE";"RETROV EXT C/ELETR FIESTA 02> LE";"0,00"
"RFME94CR";"RETROV EXT C/REM ECOSPORT LD 03>11";"0,00"
"RFME95CR";"RETROV EXT C/REM ECOSPORT LE 03>11";"0,00"
"RFME96CE";"RETROV EXT C/ELETR ECOSPORT LD 03>11";"0,00"
"RFME97CE";"RETROV EXT C/ELETR ECOSPORT LE 03>11";"3,00"
"RFMM78";"SUBCONJUNTO FIESTA AMAZON/ KA 08>13 LD";"0,00"
"RFMM79";"SUBCONJUNTO FIESTA AMAZON/ KA 08>13 LE";"0,00"
"RFMM94";"SUBCONJUNTO ECOSPORT 94>12 / RANGER 05>09 LD";"0,00"
"RFMM95";"SUBCONJUNTO ECOSPORT 94>12 / RANGER 05>09 LE";"0,00"
"RFPE02FX";"RETROV EXT FIXO PICK-UP RANGER LD 2005 (ADAP. MOD. ANTERIORES)";"44,00"
"RFPE03FX";"RETROV EXT FIXO PICK-UP RANGER LE 2005 (ADAP. MOD. ANTERIORES)";"0,00"
"RFPE04CE";"RETROV EXT C/ELETR PICK-UP RANGER LD 2005 (ADAP. MOD. ANTERIORES)";"0,00"
"RFPE05CE";"RETROV EXT C/ELETR PICK-UP RANGER LE 2005 (ADAP. MOD. ANTERIORES)";"4,00"
"RFSE72FX";"RETROV EXT KA 08> LD FIXO";"2,00"
"RFSE73FX";"RETROV EXT KA 08> LE FIXO";"0,00"
"RFSE74CR";"RETROV EXT C/REM KA 08 > 14 LD";"3,00"
"RFSE75CR";"RETROV EXT C/REM KA 08 > 14 LE";"0,00"
"RFSE76CR";"RETROV EXT C/REM KA 08 > 14 LD - COM PISCA";"0,00"
"RFSE77CR";"RETROV EXT C/REM KA 08 > 14 LE - COM PISCA";"0,00"
"RFTE34CC";"RETROV EXT  CARGO 814/815 08> LD CONJ COMPL VIDRO DUPLO";"0,00"
"RFTE34CCL";"RETROV EXT  CARGO 814/815 08> LD CONJ COMPL VIDRO DUPLO";"0,00"
"RFTE35C";"RETROV EXT MB LE";"1,00"
"RFTE35CC";"RETROV EXT  CARGO 814/815 08> LE CONJ COMPL VIDRO DUPLO";"0,00"
"RFTE35CCL";"RETROV EXT  CARGO 2009";"0,00"
"RFTE35CL";"SUBCONJUNTO FORD CARGO LE";"0,00"
"RFTE35CS/B";"RETROV EXT MB LE S/ABRAC E S/TAMPA";"0,00"
"RFUC06";"CAPA RETROV TEXTURIZADA RANGER 13> LD";"0,00"
"RFUC06COLOR";"CAPA RETROV RANGER 13> LD COLOR";"0,00"
"RFUC06LI";"CAPA RETROV RANGER 13> LD LISA";"298,00"
"RFUC07";"CAPA RETROV TEXTURIZADA RANGER 13> LE";"0,00"
"RFUC07COLOR";"CAPA RETROV RANGER 13 > LE COLOR";"0,00"
"RFUC07LI";"CAPA RETROV RANGER 13> LE LISA";"274,00"
"RFUC10LI";"CAPA RETROV RANGER 13> LD LISA C/FURO";"99,00"
"RFUC11LI";"CAPA RETROV RANGER 13> LE LISA C/FURO";"201,00"
"RFUE04CE";"RETROV EXT C/ELETR RANGER 12>17 LD";"0,00"
"RFUE04FX";"RETROV EXT FIXO RANGER 12>17 LD";"0,00"
"RFUE05CE";"RETROV EXT C/ELETR RANGER 12>17 LE";"0,00"
"RFUE05FX";"RETROV EXT FIXO RANGER 12>17 LE";"0,00"
"RFUE06CEC";"RETROV EXT C/ELETR RANGER 12>17 LD CROMADO";"1,00"
"RFUE07CEC";"RETROV EXT C/ELETR RANGER 12>17 LE CROMADO";"0,00"
"RFUE10CEC";"RETROV EXT C/ELETR RANGER 12>17 LD com Pisca capa Cromado + Fold Way+ Luz de Solo";"7,00"
"RFUE11CEC";"RETROV EXT C/ELETR RANGER 12>17 LE com Pisca capa Cromado + Fold Way+ Luz de Solo";"2,00"
"RFUE64CC";"RETROV EXT  CARGO HS 11/12 LD";"0,00"
"RFUE64CCE";"RETROV EXT  CARGO HS 11/12 LD C/DESEMB";"0,00"
"RFUE64CCEL";"RETROV EXT  CARGO HS 12> LD C/DESEMB";"0,00"
"RFUE64CCL";"RETROV EXT  CARGO HS 12> LD";"0,00"
"RFUE65CC";"RETROV EXT  CARGO HS 11/12 LE";"0,00"
"RFUE65CCE";"RETROV EXT  CARGO HS 11/12 LE C/DESEMB";"0,00"
"RFUE65CCEL";"RETROV EXT  CARGO HS 12> LE C/DESEMB";"24,00"
"RFUE65CCL";"RETROV EXT  CARGO HS 12> LE";"0,00"
"RFUM06";"SUBCONJUNTO RANGER 13> LD";"0,00"
"RFUM07";"SUBCONJUNTO RANGER 13> LE";"0,00"
"RFUM64";"SUBCONJUNTO FORD CARGO SUPERIOR MENOR";"559,00"
"RFUM65";"SUBCONJUNTO FORD CARGO SUPERIOR MENOR LE";"0,00"
"RFXE91CE";"RETROV EXT C/ELETR NOVO TROLLER T4 LE";"0,00"
"RFXE92CE";"RETROV EXT C/ELETR NOVO TROLLER T4 LD";"0,00"
"RFYE03FX";"RETROV EXT FIXO RANGER 2018> C/ CAPA TEXTURIZADA LE";"2,00"
"RFYE04FX";"RETROV EXT FIXO RANGER 2018> C/ CAPA TEXTURIZADA LD";"2,00"
"RFYE05CE";"RETROV. EXT C/ELETR RANGER 2018> C/PISCA CAPA CROMADO + F.WAY+LUZ DE SOLO LE";"0,00"
"RFYE06CE";"RETROV. EXT C/ELETR RANGER 2018> C/PISCA CAPA CROMADO + F.WAY+LUZ DE SOLO LD";"0,00"
"RFYE07CE";"RETROV. EXT C/ELETR RANGER 2018> C/CAPA CROMADA LE";"0,00"
"RFYE08CE";"RETROV. EXT C/ELETR RANGER 2018> C/CAPA CROMADA LD";"0,00"
"RFYE09CE";"RETROV. EXT C/ELETR RANGER 2018> C/CAPA TEXTURIZADA LE";"0,00"
"RFYE10CE";"RETROV. EXT C/ELETR RANGER 2018> C/CAPA TEXTURIZADA LD";"0,00"
"RG0I45PL";"RETROV INT CHEVETTE/ MARAJÓ/ KADETT/ IPANEMA PLANO";"0,00"
"RG0I46PR";"RETROV INT PRISMAT CHEVETTE/ MARAJÓ/ KADETT/ IPANEMA/ MONZA";"0,00"
"RG1I07PR";"RETROV INT CORSA  94>01 PRISMATICO";"0,00"
"RG1I17PR";"RETROV INT S10/ BLAZER 92/99 SILVERADO 97/ CLASSE A 98> PRISMATICO";"0,00"
"RG1I17PRE";"RETROV INT PRISMAT S-10/BLAZER/ SILVERADO/ CLASSE A - S/LAMPADA 95>";"0,00"
"RG1I35PR";"RETROV INT PRISMATICO VECTRA 00>";"0,00"
"RG1I40EC";"RETROV INT  ASTRA 98> ELETROCROMICO";"0,00"
"RG1I83PR";"RETROV INT PRISMATICO - CORSA NOVO/CELTA 02>";"0,00"
"RG7M12";"LENTE RETROV KADETT 94/98 LD CR";"18,00"
"RG8E43CR";"RETROV EXT MONZA 86/90 LE CR";"0,00"
"RG8E44CR";"RETROV EXT MONZA 86/90 LD CR";"0,00"
"RG8E46CE";"RETROV EXT MONZA 86/90 LE CE";"0,00"
"RG9E14CR";"RETROV EXT MONZA 91/93 LD CR";"5,00"
"RG9E15CR";"RETROV EXT MONZA 91/93 LE CR";"0,00"
"RG9M15";"LENTE RETROV MONZA KADETT 85/93 LE";"480,00"
"RG9M17";"LENTE RETROV MONZA 85/93";"10,00"
"RGAE56CR";"RETROV EXT OMEGA 92/98 LD CR";"0,00"
"RGAE57CR";"RETROV EXT OMEGA 92/98 LE CR";"1,00"
"RGCC94";"CAPA RETROV TEXTURIZADA CORSA CLASSIC LD";"0,00"
"RGCC95";"CAPA RETROV TEXTURIZADA CORSA CLASSIC LE";"358,00"
"RGCE94CRO";"RETROV EXT C/REM CORSA WIND/ SEDAN/ PICK-UP LD 94>01";"0,00"
"RGCE95CRO";"RETROV EXT C/REM CORSA WIND/ SEDAN/ PICK-UP LE 94>01";"0,00"
"RGCE97CE";"RETROV EXT  CORSA 94> LE CE";"0,00"
"RGCM94";"SUBCONJUNTO CORSA CLASSIC LD";"0,00"
"RGCM94HE";"LENTE RETROV CORSA 94/01 LD C/DESEMB";"0,00"
"RGCM95";"SUBCONJUNTO CORSA CLASSIC LE";"0,00"
"RGDC74LI";"CAPA RETROV S10 LD LISA";"0,00"
"RGDC75LI";"CAPA RETROV S10 LE LISA";"60,00"
"RGDE66FX";"RETROV EXT FIXO CORSA WIND/ SEDAN/ PICK-UP LD 94>01";"0,00"
"RGDE67FX";"RETROV EXT FIXO CORSA WIND/ SEDAN/ PICK-UP LE 94>01";"0,00"
"RGDE72FX";"RETROV EXT FIXO PICK-UP S-10/ BLAZER LD 95>11";"0,00"
"RGDE73FX";"RETROV EXT FIXO PICK-UP S-10/ BLAZER LE 95>11";"0,00"
"RGDE74CE";"RETROV EXT C/ELETR PICK-UP S-10/BLAZER LD 95<11";"0,00"
"RGDE75CE";"RETROV EXT C/ELETR PICK-UP S-10/BLAZER LE 95<11";"0,00"
"RGDE88CE";"RETROV EXT C/ ELETR PICK-UP A-10/ A-20/ D-10/ D-20 LD 91>";"0,00"
"RGDE89CE";"RETROV EXT C/ ELETR PICK-UP A-10/ A-20/ D-10/ D-20 LE 91>";"0,00"
"RGDM72";"SUBCONJUNTO S-10/ BLAZER/ SILVERADO 95>12 LD";"0,00"
"RGDM73";"SUBCONJUNTO S-10 /BLAZER /SILVERADO 95>12 LE";"0,00"
"RGDM88";"LENTE RETROV D20 TDS - FIORINO 97> LD";"0,00"
"RGDM89";"LENTE RETROV D20 TDS - FIORINO 97> LE";"0,00"
"RGFE82CE";"RETROV EXT C/ELETR VECTRA LD 96>99";"0,00"
"RGFE83CE";"RETROV EXT C/ELETR VECTRA LE 96>99";"0,00"
"RGFE84CR";"RETROV EXT VECTRA 96/99 LD CR";"0,00"
"RGGE04CE";"RETROV EXT C/ELETR PICK-UP SILVERADO LD 97>";"0,00"
"RGGE05CE";"RETROV EXT C/ELETR PICK-UP SILVERADO LE 97>";"0,00"
"RGGE06FX";"RETROV EXT FIXO PICK-UP SILVERADO LD 97>";"12,00"
"RGGE07FX";"RETROV EXT FIXO PICK-UP SILVERADO LE 97>";"0,00"
"RGGE13FX";"RETROV EXT  CORSA CLASSIC 09/10 LE FIXO";"0,00"
"RGGE14FX";"RETROV EXT  CORSA CLASSIC 09/10 LD FIXO";"0,00"
"RGHC33";"CAPA RETROV ASTRA 99> LE TEXTURIZADA";"39,00"
"RGHC34";"CAPA RETROV ASTRA 99> LD  TEXTURIZADA";"0,00"
"RGHC42COLOR";"CAPA RETROV CORSA 94> LD COLOR";"406,00"
"RGHC42LI";"CAPA RETROV CORSA 94> LD PRIMER";"0,00"
"RGHC43COLOR";"CAPA RETROV CORSA 94> LE COLOR";"406,00"
"RGHC43LI";"CAPA RETROV CORSA 94> LE PRIMER";"0,00"
"RGHE01CR";"RETROV EXT KADETT LD CR";"0,00"
"RGHE33CR";"RETROV EXT  ASTR 99/01 LE CR";"0,00"
"RGHE34CR";"RETROV EXT  ASTR 99/01 LD CR";"0,00"
"RGHM19HE";"LENTE RETROV VECTRA >99 LE C/AQUEC";"0,00"
"RGHM34";"LENTE RETROV ASTRA 99/01 LD";"0,00"
"RGHM46";"SUBCONJUNTO ASTRA 99> LD";"0,00"
"RGHM47";"SUBCONJUNTO ASTRA 99> LE";"0,00"
"RGIC251";"RETROV INT COM CAMERA DIVERSOS";"0,00"
"RGIC251C";"RETROV INT COM CAMERA DIVERSOS";"0,00"
"RGIC252";"RETROV INT COM CAMERA DIVERSOS";"0,00"
"RGIC252C";"RETROV INT COM CAMERA DIVERSOS";"0,00"
"RGKC04LI";"CAPA RETROV VECTRA 01/05 LD (GRANDE)";"0,00"
"RGKE05CR";"RETROV EXT VECTRA 00/05 LE CR";"0,00"
"RGKE06CE";"RETROV EXT VECTRA 00/05 LD CE";"0,00"
"RGKE07CE";"RETROV EXT VECTRA 00/05 LE CE";"0,00"
"RGKM04";"LENTE RETROV VECTRA 00/05 LD";"0,00"
"RGKM05";"LENTE RETROV VECTRA 00/05 LE";"0,00"
"RGLE86FX";"RETROV EXT S10 95> LD FIXO MOD INDY";"0,00"
"RGLE89CE";"RETROV EXT S10 95> LE CE MOD INDY";"0,00"
"RGME76CE";"RETROV EXT C/ELETR ASTRA LD 99>05";"0,00"
"RGME77CE";"RETROV EXT C/ELETR ASTRA LE 99>05";"0,00"
"RGME86FX";"RETROV EXT  CELTA 00> LD FIXO INDY";"7,00"
"RGNM88";"SUBCONJUNTO CELTA 01/06 LD";"0,00"
"RGNM88B";"LENTE RETROV CELTA 01/06 LD";"0,00"
"RGPE84FX";"RETRV. EXT FIXO CELTA LD 01>07";"0,00"
"RGPE85FX";"RETRV. EXT FIXO CELTA LE 01>07";"2,00"
"RGQC38LI";"CAPA RETROV VECTRA 06/08 LD";"0,00"
"RGQC39LI";"CAPA RETROV VECTRA 06/08 LE";"0,00"
"RGQE26CR";"RETROV EXT C/REM CELTA LD 01>07";"0,00"
"RGQE27CR";"RETROV EXT C/REM CELTA LE 01>07";"0,00"
"RGQE36CE";"RETROV EXT C/ELETR VECTRA LD 2006>2009";"8,00"
"RGQE37CE";"RETROV EXT C/ELETR VECTRA LE 2006>2009";"0,00"
"RGQE40CE";"RETROV EXT C/ELETR VECTRA LD (FOLDWAY) 2006>2009";"0,00"
"RGQE41CE";"RETROV EXT C/ELETR VECTRA LE (FOLDWAY) 2006>2009";"0,00"
"RGQE64CR";"RETROV EXT XT  CELTA 01/06 LD CR INDY";"0,00"
"RGQE65CR";"RETROV EXT  CELTA 01/06 LE CR INDY";"0,00"
"RGQE68CE";"RETROV EXT  CORSA 02> LD CE INDY";"0,00"
"RGQE69CE";"RETROV EXT  CORSA 02> LE CE INDY";"0,00"
"RGQE72FX";"RETROV EXT  CORSA 02> LD FIXO INDY";"0,00"
"RGQM36";"SUBCONJUNTO VECTRA 06>09 LD";"0,00"
"RGQM37";"SUBCONJUNTO VECTRA 06>09 LE";"0,00"
"RGQM40HE";"SUBCONJUNTO VECTRA 06> LD C/AQUECEDOR";"0,00"
"RGQM41HE";"SUBCONJUNTO VECTRA 06> LE C/AQUECEDOR";"0,00"
"RGRC89";"CAPA RETROV CELTA/PRISMA 07/13 LE TEXTURIZADA";"0,00"
"RGRC90";"CAPA RETROV CELTA/PRISMA 07>13 LD  TEXTURIZADA";"0,00"
"RGRE89CR";"RETROV EXT C/REM PRISMA LE 06> CELTA 07>11";"0,00"
"RGRE90CR";"RETROV EXT C/REM PRISMA LD 06> CELTA 07>11";"0,00"
"RGRM89";"SUBCONJUNTO CELTA 06>12 PRISMA 06>12 LE";"0,00"
"RGRM90";"SUBCONJUNTO CELTA 06>12PRISMA 06>12 LD";"0,00"
"RGSC78";"CAPA RETROV AGILE LD TEXTURIZADA";"0,00"
"RGSC79";"CAPA RETROV AGILE LE  TEXTURIZADA";"0,00"
"RGSC80COLOR";"Ccapa retrov AGILE 08> LD COLOR";"40,00"
"RGSC80LI";"CAPA RETROV. LISA P/PINTURA AGILE 08> LD";"0,00"
"RGSC81COLOR";"CAPA RETROV AGILE 08> LE COLOR";"118,00"
"RGSC81LI";"CAPA RETROV LISA P/PINTURA AGILE 08> LE";"0,00"
"RGSM78";"SUBCONJUNTO AGILE/MONTANA LD";"0,00"
"RGSM79";"SUBCONJUNTO AGILE/ MONTANA LE";"0,00"
"RGTC24LI";"CAPA RETROV LISA P/PINTURA  VECTRA 10> LD";"8,00"
"RGTC25LI";"CAPA RETROV LISA P/PINTURA VECTRA 10> LE";"105,00"
"RGTE24CE";"RETROV EXT C/ELETR VECTRA LD 2010>";"0,00"
"RGTE25CE";"RETROV EXT C/ELETR VECTRA LE 2010>";"0,00"
"RGTE26CE";"RETROV EXT C/ELETR VECTRA LD (FOLDWAY) 2010";"0,00"
"RGTE27CE";"RETROV EXT C/ELETR VECTRA LE (FOLDWAY) 2010";"0,00"
"RGUE72CR";"RETROV EXT C/REM AGILE LD";"0,00"
"RGUE73CR";"RETROV EXT C/REM AGILE LE";"0,00"
"RGUE74CE";"RETROV EXT C/ELETR AGILE LD";"0,00"
"RGUE75CE";"RETROV EXT C/ELETR AGILE LE";"0,00"
"RGVC66CR";"CAPA RETROV CRUZE 11/17 LD CROMADO";"4,00"
"RGVC66LI";"CAPA RETROV LISA P/PINTURA CRUZE LD";"390,00"
"RGVC67LI";"CAPA RETROV LISA P/PINTURA CRUZE LE";"454,00"
"RGVE66CE";"RETROV EXT C/ELETR CRUZE 2012 LD";"0,00"
"RGVE66CEAC";"RETROV EXT  CRUZE 09/14 LD CE S/FOLD S/AQUEC";"0,00"
"RGVE67CE";"RETROV EXT C/ELETR CRUZE 2012 LE";"0,00"
"RGVE67CEAC";"RETROV EXT  CRUZE 09/14 LE CE C/FOLD S/AQUEC";"0,00"
"RGVE68CE";"RETROV EXT C/ELETR CRUZE 2012> COM FOLDWAY LD";"0,00"
"RGVE68CEAC";"RETROV EXT  CRUZE 09/14 LD CE C/FOLD S/AQUEC";"0,00"
"RGVE69CE";"RETROV EXT C/ELETR CRUZE 2012> COM FOLDWAY LE";"1,00"
"RGWC39";"CAPA RETROV S10 14> LE";"189,00"
"RGWC39LI";"CAPA RETROV S10 LE 17> LISA";"0,00"
"RGWC40";"CAPA RETROV S10 14> LD";"382,00"
"RGWC40LI";"CAPA RETROV S10 LD 17> LISA";"0,00"
"RGWE37FX";"RETROV. EXT FIXO S-10 - 2012> LE";"0,00"
"RGWE38FX";"RETROV. EXT FIXO S-10 - 2012> LD";"0,00"
"RGWE39CE";"RETROV EXT C/ELETR S-10 -  BLAZER 2012> LE C/PISCA";"0,00"
"RGWE40CE";"RETROV EXT C/ELETR S-10 -  BLAZER 2012> LD C/PISCA";"2,00"
"RGWE41CEC";"RETROV EXT C/ELETR S-10 - BLAZER 2012> LE C/PISCA C/CAPA CROMADA +F.WAY";"0,00"
"RGWE41CECS";"RETROV EXT S10 13> LE CE C/PISCA S/CAPA C/FOLDWAY";"0,00"
"RGWE42CEC";"RETROV EXT C/ELETR S-10 - BLAZER 2012> LD C/PISCA C/CAPA CROMADA +F.WAY";"0,00"
"RGWE42CECS";"RETROV EXT S10 13> LD CE C/PISCA S/CAPA C/FOLDWAY";"0,00"
"RGWM37";"SUBCONJUNTO S-10 / TRAIL BLAZER (FIXO) LD";"0,00"
"RGWM38";"SUBCONJUNTO S-10 / TRAIL BLAZER (FIXO) LE";"0,00"
"RGWM39";"SUBCONJUNTO S-10 / TRAIL BLAZER (ELETRICO) LE";"0,00"
"RGWM40";"SUBCONJUNTO S-10 / TRAIL BLAZER (ELETRICO) LD";"0,00"
"RGXM51";"SUBCONJUNTO CRUZE 14>16 LE";"0,00"
"RGXM52";"SUBCONJUNTO CRUZE 14>16 LD";"0,00"
"RHBE10FX";"RETROV EXT MOTO BROSS NOVA LD";"0,00"
"RHBE11FX";"RETROV EXT MOTO BROSS NOVA LE";"0,00"
"RHCE11FX";"RETROV EXT MOTO CB300 CROMADO LD";"0,00"
"RHCE12FX";"RETROV EXT MOTO CB300 CROMADO LE";"0,00"
"RHCE14FX";"RETROV EXT MOTO CG150 LD";"0,00"
"RHCE15FX";"RETROV EXT MOTO CG150 LE";"0,00"
"RHCE16FX";"RETROV EXT MOTO CB250 LD";"0,00"
"RHCE17FX";"RETROV EXT MOTO CB250 LE";"0,00"
"RHCE18FX";"RETROV EXT MOTO CG TITAN LD";"0,00"
"RHCE19FX";"RETROV EXT MOTO CG TITAN LE";"0,00"
"RHFE14FX";"RETROV EXT MOTO FALCON LD";"0,00"
"RHFE15FX";"RETROV EXT MOTO FALCON LE";"0,00"
"RHLC02LI";"CAPA RETROV LISA P/PINTURA CIVIC 98>09 LD";"0,00"
"RHLC03LI";"CAPA RETROV LISA P/PINTURA CIVIC 98>09 LE";"114,00"
"RHLC03PRI";"CAPA RETROV CIVIC 01/05 LE PRIMER";"65,00"
"RHLM02";"SUBCONJUNTO CIVIC 01>04 LD";"0,00"
"RHLM03";"SUBCONJUNTO CIVIC 01>04 LE";"0,00"
"RHNE40CE";"RETROV EXT C/ELETR CIVIC 01>05 LD";"0,00"
"RHNE41CE";"RETROV EXT C/ELETR CIVIC 01>05 LE";"0,00"
"RHRC03LI";"CAPA RETROV LISA P/PINTURA HONDA CIVIC 06>11 LE";"25,00"
"RHRC04LI";"CAPA RETROV LISA P/PINTURA HONDA CIVIC 06>11 LD";"0,00"
"RHRC05LI";"CAPA RETROV LISA P/PINTURA HONDA CIVIC 06>11 LE C/FURO DE PISCA";"0,00"
"RHRC06LI";"CAPA RETROV LISA P/PINTURA HONDA CIVIC 06>11 LD C/FURO DE PISCA";"0,00"
"RHRE03CE";"RETROV EXT CIVIC 06/11 LD CE";"0,00"
"RHRE04CE";"RETROV EXT CIVIC 06/11 LE CE";"0,00"
"RHRM03";"SUBCONJUNTO NEW CIVIC 06>11 LE";"0,00"
"RHRM04";"SUBCONJUNTO NEW CIVIC 06>11 LD";"0,00"
"RHSE10FX";"RETROV EXT MOTO STRADA LD";"0,00"
"RHSE11FX";"RETROV EXT MOTO STRADA LE";"0,00"
"RHXE20FX";"RETROV EXT MOTO XRE300 LD";"0,00"
"RHXE21FX";"RETROV EXT MOTO XRE300 LE";"0,00"
"RHXE22FX";"RETROV EXT MOTO XRE250 LD";"0,00"
"RHXE23FX";"RETROV EXT MOTO XRE250 LE";"0,00"
"RIFE01CE";"RETROV EXT  ECOSPORT 12> LE CE C/PISCA";"0,00"
"RIFE01CR";"RETROV EXT KA 16> LE CR";"0,00"
"RIFE02CE";"RETROV EXT  ECOSPORT 12> LD CE C/PISCA";"0,00"
"RIFE02CR";"RETROV EXT KA 16> LD CR";"0,00"
"RIFM01";"SUBCONJUNTO FORD KA 15> LE";"0,00"
"RIFM02";"SUBCONJUNTO FORD KA 15> LD";"0,00"
"RIGE01CR";"RETROV EXT ONIX 15> LE CR CAPA TEXT.";"0,00"
"RIGE02CR";"RETROV EXT ONIX 15> LD CR CAPA TEXT.";"0,00"
"RIGE03CR";"RETROV EXT ONIX 15> LE CR CAPA LISA";"0,00"
"RIGE04CR";"RETROV EXT ONIX 15> LD CR CAPA LISA";"0,00"
"RIGE05CE";"RETROV EXT ONIX 15> LE CE CAPA LISA";"0,00"
"RIGE06CE";"RETROV EXT ONIX 15> LD CE CAPA LISA";"88,00"
"RIGM01";"SUBCONJUNTO ONIX ANTIGO/ PRISMA LE";"0,00"
"RIGM02";"SUBCONJUNTO ONIX ANTIGO/ PRISMA LD";"0,00"
"RIGM05";"SUBCONJUNTO ONIX E ONIX PLUS 20> LE";"20,00"
"RIGM06";"SUBCONJUNTO ONIX E ONIX PLUS 20> LD";"20,00"
"RIHE01CE";"RETROV EXT TUCSON 10> LE CE S/FOLDWAY";"0,00"
"RIHE02CE";"RETROV EXT TUCSON 10> LD CE S/FOLDWAY";"0,00"
"RIHE03CE";"RETROV EXT  HB20 12> LE CE C/PISCA";"0,00"
"RIHE04CE";"RETROV EXT  HB20 12> LD CE C/PISCA";"0,00"
"RIHE05CR";"RETROV EXT  HB20 12> LE CR";"0,00"
"RIHE06CR";"RETROV EXT  HB20 12> LD CR";"0,00"
"RIHM03";"SUBCONJUNTO HB20 ANTIGO LE";"0,00"
"RIHM04";"SUBCONJUNTO HB20 ANTIGO LD";"0,00"
"RIJE01CE";"RETROV EXT  HILUX 12> LE CE C/FOLDWAY";"0,00"
"RIJE02CE";"RETROV EXT  HILUX 12> LD CE C/FOLDWAY";"0,00"
"RIJE03CE";"RETROV EXT  HILUX 12> LE CE C/PISCA S/FOLDWAY";"0,00"
"RIJE04CE";"RETROV EXT  HILUX 12> LD CE C/PISCA S/FOLDWAY";"0,00"
"RIJE05CE";"RETROV EXT  HILUX 12> LE CE C/PISCA S/FOLDWAY";"0,00"
"RINM01";"SUBCONJUNTO NISSAN MARCH/ SENTRA LE";"0,00"
"RINM01L";"LENTE RETROV NISSAN MARCH/SENTRA LE";"0,00"
"RINM02";"SUBCONJUNTO NISSAN MARCH/ SENTRA LD";"0,00"
"RINM02L";"LENTE RETROV NISSAN MARCH/SENTRA LD";"0,00"
"RIRS0595";"PISCA RETROV EXT. TIGUAN 10> LE";"0,00"
"RIRS0695";"PISCA RETROV EXT. TIGUAN 10> LD";"0,00"
"RIRS0795";"PISCA RETROV EXT. PASSAT 10> LE";"0,00"
"RIRS0895";"PISCA RETROV EXT. PASSAT 10> LD";"0,00"
"RIRS0995";"PISCA RETROV EXT. JETTA 11> LE";"0,00"
"RIRS1095";"PISCA RETROV EXT. JETTA 11> LD";"0,00"
"RIRS1195";"PISCA RETROV ECOSPORT 12> LE";"0,00"
"RIRS1295";"PISCA RETROV ECOSPORT 12> LD";"0,00"
"RISR0195";"PISCA RETROV NEW FIESTA 2011> LE";"0,00"
"RISR0295";"PISCA RETROV NEW FIESTA 2011> LD";"0,00"
"RISR0395";"PISCA RETROV HILUX 2012>2015.. LE";"0,00"
"RISR0495";"PISCA RETROV HILUX 2012>2015.. LD";"0,00"
"RITM37";"SUBCONJUNTO JEEP COMPASS - COM GRAVAÇÃO (JEEP) LE";"0,00"
"RITM38";"SUBCONJUNTO JEEP COMPASS - COM GRAVAÇÃO (JEEP) LD";"0,00"
"RITM39";"LENTE RETROV JEEP RENEGADE 15> LE";"0,00"
"RITM40";"LENTE RETROV JEEP RENEGADE 15> LD";"0,00"
"RIWE01CE";"RETROV EXT TIGUAN 10> LE CE C/FOLDWAY C/PISCA";"4,00"
"RIWE02CE";"RETROV EXT TIGUAN 10> LD CE C/FOLDWAY C/PISCA";"9,00"
"RIWE03CE";"RETROV EXT PASSAT 10> LE CE C/FOLDWAY C/PISCA S/LUZ CORTESIA";"21,00"
"RIWE04CE";"RETROV EXT PASSAT 10> LD CE C/FOLDWAY C/PISCA S/LUZ CORTESIA";"19,00"
"RIWE05CE";"RETROV EXT JETTA 11> LE CE  C/PISCA";"1,00"
"RIWE06CE";"RETROV EXT JETTA 11> LD CE C/PISCA";"0,00"
"RIWE15CE";"RETROV EXT JETTA ELETR 11/16 LE";"0,00"
"RIWE16CE";"RETROV EXT JETTA ELETR 11/16 LD";"0,00"
"RJ1I42PR";"RETROV INT COROLLA CROSS ETIOS 17>";"0,00"
"RJ1I75PR";"RETROV INT PRISMATICO COROLLA 02>07";"0,00"
"RJ1I95PR";"RETROV INT PRISMATICO COROLLA 08>13";"0,00"
"RJ1I96EC";"RETROV INT  COROLLA 239L ELETROCROMICO";"6,00"
"RJ2I05PR";"RETROV INT ETIOS 13/16 PRISMATICO";"18,00"
"RJAE0CE";"RETROV EXT C/ELETR COROLLA CROSS LD C/PISCA + FECHAMENTO + PONTO CEGO";"0,00"
"RJAE1CE";"RETROV EXT C/ELETR COROLLA CROSS LE C/PISCA + FECHAMENTO + PONTO CEGO";"0,00"
"RJAE2CE";"RETROV EXT C/ELETR COROLLA CROSS LD C/PISCA + FECHAMENTO";"3,00"
"RJAE3CE";"RETROV EXT C/ELETR COROLLA CROSS LE C/PISCA + FECHAMENTO";"0,00"
"RJAEM0";"SUBCONJUNTO COROLLA CROSS 22> LD C/SENSOR";"0,00"
"RJAEM1";"LENTE RETROV COROLLA CROSS 21> LE";"0,00"
"RJBE87FX";"RETROV EXT FIXO BANDEIRANTE 92>LE";"0,00"
"RJBE88FX";"RETROV EXT FIXO BANDEIRANTE 92>LD";"0,00"
"RJIC246";"RETROV INT COM CAMERA DIVERSOS";"0,00"
"RJLE16FX";"RETROV EXT  HILUX 98/02 LD FIXO";"44,00"
"RJLE16FXC";"RETROV EXT  HILUX 98/02 LD FIXO CROMADO";"0,00"
"RJMC14LI";"CAPA RETROV CAPA LISA P/ PINTURA COROLLA 02/08 LD";"0,00"
"RJMC15LI";"CAPA RETROV CAPA LISA P/ PINTURA COROLLA 02/08 LE";"0,00"
"RJME14CE";"RETROV EXT C/ELETR COROLLA LD 02>07";"0,00"
"RJME15CE";"RETROV EXT C/ELETR COROLLA LE 02>07";"0,00"
"RJMM14";"SUBCONJUNTO COROLA 02>07 LD";"0,00"
"RJMM15";"SUBCONJUNTO COROLA 02>07 LE";"17,00"
"RJSC86LI";"CAPA RETROV LISA P/PINTURA COROLLA 08> LD C/PISCA";"0,00"
"RJSC87LI";"CAPA RETROV COROLLA 08> LE C/PISCA";"163,00"
"RJSC88LI";"CAPA RETROV COROLLA 08> LD S/PISCA";"0,00"
"RJSC89COLOR";"CAPA RETROV COROLLA 239L LE S/FURO COLORIDA";"740,00"
"RJSC89LI";"CAPA RETROV COROLLA 239L LE S/FURO";"0,00"
"RJSE86CE";"RETROV EXT C/ELETR COROLLA LD 08> C/PISCA + FOLDWAY";"0,00"
"RJSE87CE";"RETROV EXT C/ELETR COROLLA LE 08> C/PISCA + FOLDWAY";"0,00"
"RJSE88CE";"RETROV EXT C/ELETR COROLLA LD 08>";"37,00"
"RJSE89CE";"RETROV EXT C/ELETR COROLLA LE 08>";"0,00"
"RJSM86";"SUBCONJUNTO COROLLA 09>13 LD";"0,00"
"RJSM87";"SUBCONJUNTO COROLLA 09>13 LE";"997,00"
"RJTC98L";"CAPA RETROV HILUX 05/11 LD P/PISCA";"160,00"
"RJTC99L";"CAPA RETROV HILUX 05/11 LE P/PISCA";"31,00"
"RJUC62";"CAPA RETROV TEXTURIZADA - ETIOS ANTIGO LD";"0,00"
"RJUC63";"CAPA RETROV TEXTURIZADA - ETIOS ANTIGO LE";"0,00"
"RJUE62CR";"RETROV EXT C/REM ETIOS LD 12>";"0,00"
"RJUE63CR";"RETROV EXT C/REM ETIOS LE 12>";"0,00"
"RJUM62";"SUBCONJUNTO ETIOS ANTIGO LD";"45,00"
"RJUM63";"SUBCONJUNTO ETIOS ANTIGO LE";"10,00"
"RJVC62LI";"CAPA RETROV LISA P/PINTURA - HILUX 13> LD";"0,00"
"RJVC63LI";"CAPA RETROV LISA P/PINTURA - HILUX 2012> LE";"0,00"
"RJVE62CE";"RETROV EXT C/ELETR HILUX/ SW 12>15 CAPA CROMADA - C/PISCA  FOLD WAY LD";"0,00"
"RJVE63CE";"RETROV EXT C/ELETR HILUX/ SW 12>15 CAPA CROMADA - C/PISCA  FOLD WAY LE";"0,00"
"RJVE64CE";"RETROV EXT C/ELETR HILUX/ SW 12>15 CAPA CROMADA - C/PISCA LD";"0,00"
"RJVE65CE";"RETROV EXT C/ELETR HILUX/ SW 12>15 CAPA CROMADA - C/PISCA LE";"0,00"
"RJVM60";"SUBCONJUNTO HILUX C/PISCA 2012>2015 LD";"0,00"
"RJVM61";"SUBCONJUNTO HILUX C/PISCA 2012>2015 LE";"0,00"
"RJXC01";"CAPA RETROV ETIOS LE C/FURO";"42,00"
"RJXC01COLOR";"CAPA RETROV ETIOS LE C/FURO COLOR";"0,00"
"RJXC01L";"CAPA RETROV ETIOS LE C/FURO";"0,00"
"RJXC01LI";"CAPA RETROV ETIOS CROSS C/FURO LISO LE";"11,00"
"RJXC02";"CAPA RETROV ETIOS LD C/FURO";"0,00"
"RJXC02COLOR";"CAPA RETROV ETIOS LD C/FURO COLOR";"0,00"
"RJXC02L";"CAPA RETROV ETIOS LD C/FURO";"0,00"
"RJXC02LI";"CAPA RETROV ETIOS CROSS C/FURO LISO LD";"15,00"
"RJXC03COLOR";"CAPA RETROV ETIOS LE S/FURO COLOR";"292,00"
"RJXC04COLOR";"CAPA RETROV ETIOS LD S/FURO COLOR";"202,00"
"RJXC04LI";"CAPA RETROV LISA P/PINTURA - ETIO CROSS 14> LD S/FURO P/PISCA";"0,00"
"RJXC05LI";"CAPA RETROV LISA P/PINTURA - ETIO CROSS 14> LE S/FURO P/PISCA";"0,00"
"RJXC77";"CAPA RETROV TEXTURIZADA - HILUX 2016> LE";"0,00"
"RJXC78";"CAPA RETROV TEXTURIZADA - HILUX 2016> LD";"0,00"
"RJXC87LI";"CAPA RETROV LISA P/PINTURA - HILUX 2016>/ COROLLA CROSS 2020> LE";"0,00"
"RJXC88LI";"CAPA RETROV LISA P/PINTURA - HILUX 2016>/ COROLLA CROSS 2020> LD";"29,00"
"RJXC89CR";"CAPA RETROV CROMADA - HILUX 2016>/ COROLLA CROSS 2020> LE";"0,00"
"RJXC90CR";"CAPA RETROV CROMADA - HILUX 2016>/ COROLLA CROSS 2020> LD";"0,00"
"RJXE01CE";"RETROV EXT C/ELETR ETIOS LE 14> C/PISCA";"0,00"
"RJXE02CE";"RETROV EXT C/ELETR ETIOS LD 14> C/PISCA";"0,00"
"RJXE03CR";"RETROV EXT C/REM ETIOS LE 14>";"0,00"
"RJXE04CR";"RETROV EXT C/REM ETIOS LD 14>";"0,00"
"RJXE05CE";"RETROV EXT C/ELETR ETIOS 14> LE S/PISCA";"0,00"
"RJXE06CE";"RETROV EXT C/ELETR ETIOS 14> LD S/PISCA";"0,00"
"RJXE77FX";"RETROV EXT  HILUX 17> LE FIXO S/PISCA PRETO";"0,00"
"RJXE78FX";"RETROV EXT  HILUX 17> LD FIXO S/PISCA PRETO";"0,00"
"RJXE79FX";"RETROV EXT  HILUX 17> LE FIXO C/PISCA PRETO";"0,00"
"RJXE80FX";"RETROV EXT  HILUX 17> LD FIXO C/PISCA PRETO";"0,00"
"RJXE81CE";"RETROV EXT  HILUX 17> LE CE S/PISCA CROMADO";"0,00"
"RJXE82CE";"RETROV EXT  HILUX 17> LD CE S/PISCA CROMADO";"0,00"
"RJXE83CE";"RETROV EXT C/ELETR HILUX LE 16> C/PISCA - CAPA LISA";"0,00"
"RJXE84CE";"RETROV EXT C/ELETR HILUX LD 16> C/PISCA - CAPA LISA";"0,00"
"RJXE85CE";"RETROV EXT  HILUX 17> LE CE C/PISCA C/FOLDWAY PRETO";"0,00"
"RJXE86CE";"RETROV EXT  HILUX 17> LD CE C/PISCA C/FOLDWAY PRETO";"0,00"
"RJXE86CE1";"RETROV EXT  HILUX 16/18 LD CE S/FOLDWAY CAPA LISA";"0,00"
"RJXE87CE";"RETROV EXT  HILUX 17> LE CE C/PISCA C/FOLDWAY CROMADO";"0,00"
"RJXE88CE";"RETROV EXT  HILUX 17> LD CE C/PISCA C/FOLDWAY CROMADO";"0,00"
"RJXE88CE1";"RETROV EXT  HILUX 16/18 LD CE S/FOLDWAY CAPA CROMADA";"0,00"
"RJXE89CE";"RETROV EXT C/ELETR HILUX LE 16> C/PISCA + POWER FOLD + CAPA CROMADA + LUZ DE SOLO";"0,00"
"RJXE89CE1";"retrov ext  HILUX 17> LE CE C/PISCA C/FOLDWAY C/LUZ DE SOLO CROMADO PISCA FUME";"0,00"
"RJXE90CE";"RETROV EXT C/ELETR HILUX LD 16> C/PISCA - CAPA LISA";"0,00"
"RJXE90CE1";"RETROV EXT HILUX 16> LD C/PISCA CAPA CROMADA PISCA FUME";"0,00"
"RJXM01";"SUBCONJUNTO ETIOS NOVO ELÉTRICO LE";"0,00"
"RJXM02";"SUBCONJUNTO ETIOS NOVO ELÉTRICO LD";"0,00"
"RJXM03";"SUBCONJUNTO ETIOS NOVO C/REMOTO LE";"0,00"
"RJXM04";"SUBCONJUNTO ETIOS NOVO C/REMOTO LD";"30,00"
"RJXM77";"SUBCONJUNTO HILUX 2016> COROLLA CROSS 2020> LE";"0,00"
"RJXM77S";"SUBCONJUNTO HILUX 17> LE S/BASE";"59,00"
"RJXM78";"SUBCONJUNTO HILUX 2016> COROLLA CROSS 2020> LD";"0,00"
"RJXM78S";"SUBCONJUNTO HILUX 17> LD S/BASE";"59,00"
"RJXM87";"SUBCONJUNTO HILUX C/AQUC. 2016> LE";"0,00"
"RJXM87HE";"SUBCONJUNTO HILUX 2016> COROLLA CROSS 2020> C/AQUECEDOR LE";"0,00"
"RJXM88";"SUBCONJUNTO HILUX C/AQUC. 2016> LD";"0,00"
"RJXM88HE";"SUBCONJUNTO HILUX 2016> COROLLA CROSS 2020> C/AQUECEDOR LD";"0,00"
"RJYC23";"CAPA RETROV YARIS LE";"0,00"
"RJYC23COLOR";"CAPA RETROV YARIS LE COLOR";"590,00"
"RJYC23LI";"CAPA RETROV LISA P/PINTURA - YARIS LE";"0,00"
"RJYC24";"CAPA RETROV YARIS LD";"0,00"
"RJYC24COLOR";"CAPA RETROV YARIS LD COLOR";"508,00"
"RJYC24LI";"CAPA RETROV LISA P/PINTURA - YARIS LD";"0,00"
"RJYE21CE";"RETROV EXT C/ELETR YARIS C/PISCA LE";"0,00"
"RJYE22CE";"RETROV EXT C/ELETR YARIS C/PISCA LD";"0,00"
"RJYE23CE";"RETROV EXT C/ELETR YARIS C/PISCA + FECHAMENTO LE";"0,00"
"RJYE24CE";"RETROV EXT C/ELETR YARIS C/PISCA + FECHAMENTO LD";"0,00"
"RJYM21";"SUBCONJUNTO YARIS LE";"0,00"
"RJYM22";"SUBCONJUNTO YARIS LD";"0,00"
"RKYC49LI";"CAPA RETROV LISA P/ PINTURA - KICKS 2017> S/ FURO P/PISCA LE";"0,00"
"RKYC50LI";"CAPA RETROV LISA P/ PINTURA - KICKS 2017> S/ FURO P/PISCA LE";"0,00"
"RKYC51LI";"CAPA RETROV LISA P/ PINTURA - KICKS 2017> C/FURO P/PISCA LE";"0,00"
"RKYC52LI";"CAPA RETROV LISA P/ PINTURA - KICKS 2017> C/FURO P/PISCA LD";"0,00"
"RKYE49CE";"RETROV EXT C/ELETR KICKS LE";"0,00"
"RKYE50CE";"RETROV EXT C/ELETR KICKS LD";"0,00"
"RKYE51CE";"RETROV EXT C/ ELETR KICKS C/PISCA LE";"0,00"
"RKYE52CE";"RETROV EXT C/ ELETR KICKS C/PISCA LD";"0,00"
"RKYE53CE";"RETROV EXT C/ELETR KICKS C/PISCA + POWER FOLD (FECHAMENTO) + CAMERA LE";"2,00"
"RKYE54CE";"RETROV EXT C/ELETR KICKS C/PISCA + POWER FOLD (FECHAMENTO) + CAMERA LD";"2,00"
"RKYM49";"SUBCONJUNTO NISSAN KICKS 17> LE";"7.791,00"
"RKYM50";"SUBCONJUNTO NISSAN KICKS 2017> LD";"8.152,00"
"RKZE14CE";"RETROV EXT C/ELETR FRONTIER 2019> C/CAPA PRETA TEXTURIZADA LD";"0,00"
"RKZE15CE";"RETROV EXT C/ELETR FRONTIER 2019> C/CAPA PRETA TEXTURIZADA LE";"0,00"
"RKZE16CE";"RETROV EXT C/ELETR FRONTIER 2019> C/CAPA CROMADA FOLD WAY C/PISCA LD";"0,00"
"RKZE17CE";"RETROV EXT C/ELETR FRONTIER 2019> C/CAPA CROMADA FOLD WAY C/PISCA LE";"0,00"
"RKZE18CE";"RETROV EXT C/ELETR FRONTIER 2019> C/CAPA CROMADA FOLD WAY C/PISCA COM CAMERA LD";"11,00"
"RKZE19CE";"RETROV EXT C/ELETR FRONTIER 2019> C/CAPA CROMADA FOLD WAY C/PISCA COM CAMERA LE";"9,00"
"RKZE22FX";"RETROV EXT FIXO FRONTIER 2019> C/CAPA PRETA TEXTURIZADA LD";"0,00"
"RKZE23FX";"RETROV EXT FIXO FRONTIER 2019> C/CAPA PRETA TEXTURIZADA LE";"0,00"
"RKZM14";"LENTE RETROV FRONTIER 19> LD";"0,00"
"RKZM15";"LENTE RETROV FRONTIER 19> LE";"0,00"
"RM0I44PL";"RETROV INT ONIBUS MB 0-370 89> PLANO";"11,00"
"RM1I52PR";"RETROV INT SPRINTER 95> PRISMATICO";"0,00"
"RM20F4200";"RETROV EXT MERCEDES 914 LD";"0,00"
"RM5E27C";"SUBCONJUNTO CAMINHAO MB 712C/914C 98/00 LD/LE CAPA COMPLETA";"0,00"
"RM5E79CC";"CONJUNTO CAPA (CONVEXO)";"0,00"
"RMFB43";"LENTE RETROV CAMINHAO MERCEDES";"0,00"
"RMHE97CE";"RETROV EXT  CLASSE A 99/05 LE CE";"0,00"
"RMHE98CE";"RETROV EXT  CLASSE A 99/05 LD CE";"0,00"
"RMKE47CC";"RETROV EXT MB 1218/1418/1620 (SERIE BRASIL) 00> LE VIDRO DUPLO CONJUNTO COMPLETO";"0,00"
"RMKE48CC";"RETROV EXT MB 1218/1418/1620 (SERIE BRASIL) 00> LD VIDRO INT.EIRICO CONJUNTO COMPLETO";"0,00"
"RMKE50CC";"RETROV EXT MBB - LTC";"0,00"
"RMKE54CCHE";"RETROV EXT LTC";"0,00"
"RMME40FX";"RETROV EXT SPRINT.ER 97/00 LD FIXO";"0,00"
"RMME41FX";"RETROV EXT SPRINT.ER 97/00 LE FIXO";"0,00"
"RMWC76";"CAPA RETROV TEXTURIZADA - MERCEDES BENZ VITO LD";"36,00"
"RMWC77";"CAPA RETROV TEXTURIZADA - MERCEDES BENZ VITO LE";"26,00"
"RMWE76FX";"RETROV EXT FIXO VITO 2017>LD";"24,00"
"RMWE77FX";"RETROV EXT FIXO VITO 2017>LE";"18,00"
"RMWM76";"SUBCONJUNTO MERCEDES BENZ VITO LD";"2,00"
"RMWM77";"SUBCONJUNTO MERCEDES BENZ VITO LE";"0,00"
"RNIC253";"RETROV INT COM CAMERA DIVERSOS";"0,00"
"RNIC253C";"RETROV INT COM CAMERA DIVERSOS";"0,00"
"RP20X3450PRI";"retrov ext  C4 PALLACE LD CE CAPA PRIMER";"2,00"
"RP20X3550PRI";"RETROV EXT  C4 PALLACE LE CE CAPA PRIMER";"18,00"
"RPRE24CR";"RETROV EXT PEUGEOT 307 06/11 LD CR";"0,00"
"RPRE25CE";"RETROV EXT PEUGEOT 307 06/11 LE CE";"0,00"
"RPRE26CE";"RETROV EXT PEUGEOT 307 06/11 LD CE";"0,00"
"RPTC50";"CAPA RETROV TEXTURIZADA - CITROEN C 3 PICASSO/ AIR CROS LD";"0,00"
"RPTC50COLOR";"CAPA RETROV CITROEN AIR CROSS 11> LD COLOR";"1.126,00"
"RPTC50LI";"CAPA RETROV CITROEN AIR CROSS 11> LD LISA";"440,00"
"RPTC51";"CAPA RETROV TEXTURIZADA - CITROEN C 3 PICASSO/ AIR CROS LE";"0,00"
"RPTC51COLOR";"CAPA RETROV CITROEN AIR CROSS 11> LE COLOR";"17,00"
"RPTC51LI";"CAPA RETROV CITROEN AIR CROSS 11> LE LISA";"698,00"
"RPTC52LI";"CAPA RETROV CITROEN AIR CROSS 11> LD LISA";"0,00"
"RPTC53LI";"CAPA RETROV CITROEN AIR CROSS 11> LE LISA";"0,00"
"RPTE86CE";"RETROV EXT C/ELETR PEUGEOT 308/408 LD";"0,00"
"RPTE87CE";"RETROV EXT C/ELETR PEUGEOT 308/408 LE";"9,00"
"RPTE88CE";"RETROV EXT C/ELETR PEUGEOT 308/408 LD C/FOLDWAY (FECHAMENTO ELETRICO)";"9,00"
"RPTE89CE";"RETROV EXT C/ELETR PEUGEOT 308/408 LE C/ FOLDWAY ( FECHAMENTO ELETRICO)";"9,00"
"RPTM50";"SUBCONJUNTO CITROEN AIR CROSS/ C3 PICASSO/ C4/  PEUGEOT 308/408 LD";"22.629,00"
"RPTM51";"SUBCONJUNTO CITROEN AIR CROSS/ C3 PICASSO/ C4/  PEUGEOT 308/408 LE";"21.358,00"
"RPUE84CE";"RETROV EXT C/ELETR CITROEN C3 2013> LD";"0,00"
"RPUE85CE";"RETROV EXT C/ELETR CITROEN C3 2013> LE";"0,00"
"RPVE94CE";"RETROV EXT C/ELETR CITROEN C3 PICASSO - AIR CROSS LD";"0,00"
"RPVE95CE";"RETROV EXT C/ELETR CITROEN C3 PICASSO - AIR CROSS LE";"0,00"
"RPWM63";"LENTE RETROV C4 12> LE - PG 308 C/SENSOR";"191,00"
"RPWM64";"LENTE RETROV C4 12> LD - PG 308 C/SENSOR";"120,00"
"RPXE07CE";"RETROV EXT C/ELETR CITROEN C4 LOUNGE LE";"0,00"
"RPXE07CECOLOR";"RETROV EXT  PEUGEOT LE CE COLOR";"13,00"
"RPXE08CE";"RETROV EXT C/ELETR CITROEN C4 LOUNGE LD C/SENSOR DE TEMPERATURA";"0,00"
"RPXE08CECOLOR";"RETROV EXT C/ELETR CITROEN C4 LOUNGE LD C/SENSOR DE TEMP COLOR";"23,00"
"RPXE09CE";"RETROV EXT C/ELETR CITROEN C4 LOUNGE C/FOLDWAY LE";"0,00"
"RPXE09CECOLOR";"RETROV EXT PEUGEOT LE CE C/FOLDWAY COLOR";"0,00"
"RPXE10CE";"RETROV EXT C/ELETR CITROEN C4 LOUNGE C/FOLDWAY LD C/SENSOR DE TEMPERATURA";"0,00"
"RPXE10CECOLOR";"retrov ext  C4 12> LD CE C/FOLD COLOR";"45,00"
"RPXE11CE";"RETROV EXT C/ELETR CITROEN C4 LOUNGE C/FOLDWAY LE C/SENSOR DE PONTO CEGO";"0,00"
"RPXE12CE";"RETROV EXT C/ELETR CITROEN C4 LOUNGE C/FOLDWAY LD C/SENSOR DE PONTO CEGO";"15,00"
"RQ20X7150";"RETROV EXT RCHERRY CELER 13/14 LE CE";"0,00"
"RQ20X7250";"RETROV EXT RCHERRY CELER 13/14 LD CE";"0,00"
"RS20X9231";"SUBCONJUNTO TROLLER LD C/ MARCA ESCRITA";"0,00"
"RT0I32PL";"RETROV INT PLANO FIORINO 80>90";"0,00"
"RT0I59PR";"RETROV INT PRISMAT UNO/ ELBA/ CITY 85>TEMPRA 92>93";"24,00"
"RT0I66PR";"RETROV INT PRISMAT FIORINO 80>90";"0,00"
"RT1I14PR";"RETROV INT FIORINO 91/96 PRISMATICO";"0,00"
"RT1I21PR";"RETROV INT PRISMAT PALIO/ WEEKEND/ STRADA/ SIENA 01 >03";"0,00"
"RT1I22PL";"RETROV INT PLANO UNO MILLE 90>";"0,00"
"RT1I29PR";"RETROV INT PRISMAT TORO/ RENEGADE";"23,00"
"RT1I30PR";"RETROV INT PRISMAT PALIO/ WEEKEND/ STRADA/SIENA 96>00";"0,00"
"RT1I32PR";"RETROV INT ARGO/CRONOS PRISMATICO";"0,00"
"RT1I34PR";"RETROV INT PRISMAT MOBI/ ARGO/ CRONOS/ STRADA NOVA";"12,00"
"RT1I72EC";"RETROV INT MAREA 98> ELETROCROMICO";"3,00"
"RT1I84PR";"RETROV INT PRISMAT PALIO/ WEEKEND/ STRADA/ SIENA 04>";"0,00"
"RT1I98EC";"RETROV INT MAREA 99> ELETROCROMICO";"9,00"
"RT4E53FX";"RETROV EXT FIXO UNO MILLE 2pts. LE 90>";"0,00"
"RT4E56FX";"RETROV EXT FIXO UNO MILLE 2pts. LD 90>";"0,00"
"RT4E61CR";"RETROV EXT UNO 85/88 LE CR";"0,00"
"RT5E52CR";"RETROV EXT UNO 85/88 LD CR";"0,00"
"RT8E47FX";"RETROV EXT UNO 85/88 LE FIXO";"0,00"
"RT8E48FX";"RETROV EXT UNO 85/88 LD FIXO";"0,00"
"RTAEJ4CE";"RETROV EXT C/ELETR JEEP Commader 2021>c/pisca+FoldWay+apli.Croma/Luz de solo lente esférica grav. ""JEEP"" e ponto cego LD";"1,00"
"RTAEJ5CE";"RETROV EXT C/ELETR JEEP Commader 2021>c/pisca+FoldWay+apli.Croma/Luz de solo lente esférica grav. ""JEEP"" e ponto cego LE";"0,00"
"RTAEJ6CE";"RETROV EXT C/ELETR PULSE C/PISCA + SENSOR LD";"0,00"
"RTAEJ7CE";"RETROV EXT C/ELETR FIAT PULSE C/PISCA  LE";"2,00"
"RTAEJ8CE";"RETROV EXT C/ELETR PULSE C/PISCA + SENSOR + FOLDWAY + TILDOOW + LUZ DE SOLO LD";"0,00"
"RTAEJ9CE";"RETROV EXT C/ELETR PULSE C/PISCA + FOLDWAY + LUZ DE SOLO LE";"0,00"
"RTAEK6CR";"RETROV EXT STRADA 2020>  LD CR";"0,00"
"RTAEK7CR";"RETROV EXT C/REM NOVA STRADA 2020> LE";"0,00"
"RTAEK8CE";"RETROV EXT C/ELETR NOVA STRADA 2020> C/PISCA E TILT DOWN LD";"0,00"
"RTAEK9CE";"RETROV EXT C/ELETR NOVA STRADA 2020> C/PISCA LE";"0,00"
"RTAEQ0CE";"RETROV EXT JEEP COMPASS C/FOLD SENS LUZ SOLO CE LD";"0,00"
"RTAEQ1CE";"RETROV EXT JEEP COMPASS C/FOLD SENS LUZ SOLO CE LE";"5,00"
"RTAEY0CE";"RETROV EXT C/ELETR JEEP COMPASS 2021> C/PISCA - LENTE ASFÉRICA GRAVAÇÃO ""JEEP"" LD";"0,00"
"RTAEY1CE";"RETROV EXT C/ELETR JEEP COMPASS 2021> C/PISCA - LENTE ASFÉRICA GRAVAÇÃO ""JEEP"" LE";"0,00"
"RTAEY2CE";"RETROV EXT C/ELETR JEEP COMPASS 2021> C/PISCA + FOLD WAY + APLIQUE CROMADO-LUZ DE SOLO LENTE ASFÉRICA GRAVAÇÃO ""JEEP"" LD";"0,00"
"RTAEY3CE";"RETROV EXT C/ELETR JEEP COMPASS 2021> C/PISCA + FOLD WAY + APLIQUE CROMADO-LUZ DE SOLO LENTE ASFÉRICA GRAVAÇÃO ""JEEP"" LE";"0,00"
"RTAMJ4";"SUBCONJUNTO JEEP COMPASS 20> LD C/SENSOR";"1,00"
"RTAMJ5";"SUBCONJUNTO JEEP COMPASS 20> LE C/SENSOR";"18,00"
"RTAMJ6G";"SUBCONJUNTO FIAT PULSE 21> LD C/MARCA";"60,00"
"RTAMJ7G";"SUBCONJUNTO FIAT PULSE 21> LE C/MARCA";"62,00"
"RTBEB4CE";"RETROV EXT JEEP COMPASS C/FOLD S/SENSOR S/ LUZ SOLO CE LD";"0,00"
"RTBEB5CE";"RETROV EXT JEEP COMPASS C/FOLD S/SENSOR S/ LUZ SOLO CE LE";"1,00"
"RTDE60FX";"RETROV EXT FIXO PALIO/ STRADA 2pts. LD 96>00";"0,00"
"RTDE61FX";"RETROV EXT FIXO PALIO/ STRADA 2pts. LE 96>00";"4,00"
"RTDE62CR";"RETROV EXT C/REM PALIO/STRADA 2pts. LD 96>00";"0,00"
"RTDE63CR";"RETROV EXT C/REM PALIO/ STRADA 2pts. LD 96>00";"0,00"
"RTEE33CE";"RETROV EXT PALIO 04/07 2P LD CE";"0,00"
"RTEE34CR";"RETROV EXT C/REM PALIO/ WEEKEND/ SIENA 4pts. LD 96>00";"0,00"
"RTEE35CR";"RETROV EXT C/REM PALIO/WEEKEND/SIENA 4 PTS LE 96>00";"0,00"
"RTEE39FX";"RETROV EXT FIXO PALIO/ WEEKEND/ SIENA 4pts. LE 96>00";"0,00"
"RTEM34";"SUBCONJUNTO PALIO 96>00 LD";"0,00"
"RTEM35";"SUBCONJUNTO PALIO 96>00 LE";"0,00"
"RTFE15CR";"RETROV EXT C/REM UNO 2/4 pts. LE 89>";"0,00"
"RTFE16CR";"RETROV EXT C/REM UNO 2/4 pts. LD 89>";"0,00"
"RTHE03CR";"RETROV EXT C/REM FIORINO LE 97>";"0,00"
"RTHE04CR";"RETROV EXT C/REM FIORINO LD 97>";"0,00"
"RTHE06FX";"RETROV EXT FIXO PALIO/ WEEKEND/ SIENA 4pts. LD 96>00";"1,00"
"RTHE17FX";"RETROV EXT FIXO FIORINO LE 97>";"23,00"
"RTHE18FX";"RETROV EXT FIXO FIORINO LD 97>";"0,00"
"RTHE56CR";"RETROV EXT PALIO 96/00 LD CR 2PTS INDY";"0,00"
"RTHE63CR";"RETROV EXT PALIO 96/00 LE CR 4PTS INDY";"0,00"
"RTHE64FX";"RETROV EXT PALIO 96/00 LD FIXO 4PTS INDY";"0,00"
"RTHE65FX";"RETROV EXT PALIO 96/00 LE FIXO 4PTS INDY";"0,00"
"RTIC245";"RETROV INT COM CAMERA DIVERSOS";"0,00"
"RTIC245C";"RETROV INT COM CAMERA DIVERSOS";"0,00"
"RTMC06LI";"CAPA RETROV PALIO 01/03 LD";"0,00"
"RTMC07LI";"CAPA RETROV PALIO 01/03 LE";"0,00"
"RTME28FX";"RETROV EXT FIXO PALIO/ STRADA 2pts. LD 01>";"0,00"
"RTME29FX";"RETROV EXT FIXO PALIO/STRADA 2 PTS LE 01>";"0,00"
"RTME30CR";"RETROV EXT C/REM PALIO/STRADA 2 PTS LD 01>";"0,00"
"RTME31CR";"RETROV EXT C/REM PALIO/STRADA 2 PTS LE 01>";"0,00"
"RTME34FX";"RETROV EXT PALIO 01/03 4P LD FIXO";"0,00"
"RTME36CR";"RETROV EXT C/REM PALIO/ WEEKEND/ SIENA 4pts. LD 01>";"7,00"
"RTME37CR";"RETROV EXT C/REM PALIO/ WEEKEND/ SIENA 4pts. LE 01>";"0,00"
"RTME48FX";"RETROV EXT FIXO UNO FIRE 2 PTS. LD 01>05";"0,00"
"RTME49FX";"RETROV EXT FIXO UNO FIRE 2 PTS. LE 01>05";"2,00"
"RTME50CR";"RETROV EXT C/REM UNO FIRE 2 PTS LD 01>05";"41,00"
"RTME51CR";"RETROV EXT C/REM UNO FIRE 2 PTS LE 01>05";"0,00"
"RTME52FX";"RETROV EXT FIXO UNO FIRE 4 PTS. LD 01>05";"33,00"
"RTME53FX";"RETROV EXT FIXO UNO FIRE 4 PTS. LE 01>05";"0,00"
"RTME54CR";"RETROV EXT C/REM UNO FIRE 4 PTS LD 01>05";"0,00"
"RTME55CR";"RETROV EXT C/REM UNO FIRE 4 PTS LE 01>05";"0,00"
"RTMM02";"SUBCONJUNTO PALIO 01>03 LD";"0,00"
"RTMM03";"SUBCONJUNTO PALIO 01>03 LE";"0,00"
"RTNC79";"CAPA RETROV TEXTURIZADA - PALIO 04>08 LE";"0,00"
"RTNC80";"CAPA RETROV TEXTURIZADA - PALIO 04>08 LD";"0,00"
"RTNC91";"CAPA RETROV TEXTURIZADA - IDEA ANTIGA LE";"0,00"
"RTNC91LI";"CAPA RETROV IDEA 05/10 LE LISA";"0,00"
"RTNC92";"CAPA RETROV TEXTURIZADA - IDEA ANTIGA LD";"0,00"
"RTNC92LI";"CAPA RETROV IDEA 05/10 LE LISA";"0,00"
"RTNE67FX";"RETROV EXT FIXO PALIO/WEEKEND/SIENA 2 PTS LE 2004>2007";"0,00"
"RTNE68FX";"RETROV EXT FIXO PALIO/WEEKEND/SIENA 2 PTS LD 2004>2007";"6,00"
"RTNE69CR";"RETROV EXT C/REM PALIO/STRADA 2 PTS LE 2004>2007";"0,00"
"RTNE70CR";"RETROV EXTC/REM PALIO/STRADA 2 PTS LD 2004>2007";"0,00"
"RTNE74CE";"RETROV EXT PALIO 04/07 LD CE 2P";"1,00"
"RTNE75FX";"RETROV EXT FIXO PALIO/WEEKEND/SIENA 4 PTS LE 2004>2007";"0,00"
"RTNE76FX";"RETROV EXT FIXO PALIO/WEEKEND/SIENA 4 PTS LD 2004>2007";"0,00"
"RTNE77CR";"RETROV EXT FIXO PALIO/WEEKEND/SIENA 4 PTS LE 2004>2007";"0,00"
"RTNE78CR";"RETROV EXT FIXO PALIO/WEEKEND/SIENA 4 PTS LD 2004>2007";"0,00"
"RTNE91CR";"RETROV EXT C/REM IDEA LE 2005>2010";"0,00"
"RTNE91CRCOLOR";"RETROV EXT  IDEA 05/10 LE CR S/SENSOR COL";"0,00"
"RTNE92CR";"RETROV EXT C/REM IDEA LD 2005>2010";"1,00"
"RTNE93CR";"RETROV EXT  IDEA 05/10 LE CR";"0,00"
"RTNE94CE";"RETROV EXT C/ELETR IDEA LD 2005>2010";"0,00"
"RTNE95CE";"RETROV EXT C/ELETR IDEA LE 05>10";"0,00"
"RTNM75";"SUBCONJUNTO PALIO 04>10 LE";"26,00"
"RTNM76";"SUBCONJUNTO PALIO 04>10 LD";"0,00"
"RTNM91";"LENTE RETROV IDEA 05/10 LE";"0,00"
"RTNM92";"LENTE RETROV IDEA 05/10 LD";"0,00"
"RTRE07FX";"RETROV EXT FIXO UNO FIRE FLEX 2pts. LE 2006>";"0,00"
"RTRE08FX";"RETROV EXT FIXO UNO FIRE FLEX 2pts. LD 2006>";"0,00"
"RTRE09CR";"RETROV EXT STRADA 08> 2 PORTAS LE CR";"0,00"
"RTRE09FX";"RETROV EXT FIXO UNO FIRE FLEX 4pts. LE 2006>";"0,00"
"RTRE10FX";"RETROV EXT FIXO UNO FIRE FLEX 4pts. LD 2006>";"0,00"
"RTRE11CR";"RETROV EXT C/REM UNO FIRE FLEX 2pts. LE 2006>";"0,00"
"RTRE12CR";"RETROV EXT C/REM UNO FIRE FLEX 2pts. LD 2006>";"0,00"
"RTRE13CR";"RETROV EXT C/REM UNO FIRE FLEX 4pts. LE 2006>";"0,00"
"RTRE14CR";"RETROV EXT C/REM UNO FIRE FLEX 4pts. LD 2006>";"0,00"
"RTRE95CE";"RETROV EXT C/ELETR IDEA ADVENTURE LE 2006>2010 C/PISCA";"0,00"
"RTRE96CE";"RETROV EXT C/ELETR IDEA ADVENTURE LD 2006>2010 C/PISCA";"0,00"
"RTRE97FX";"RETROV EXT FIXO PALIO/STRADA 2pts. LE 2008 > 2010";"0,00"
"RTRE98FX";"RETROV EXT FIXO PALIO/STRADA 2pts. LD 2008 > 2010";"0,00"
"RTRE99CR";"RETROV EXT C/REM PALIO/STRADA  2pts. LE 2008 > 2010";"0,00"
"RTRM95";"LENTE RETROV IDEA ADVENTURE 05/10 LE";"0,00"
"RTRM96";"LENTE RETROV IDEA ADVENTURE 05/10 LD";"0,00"
"RTSE00CR";"RETROV EXT C/REM PALIO/STRADA  2pts. LD 2008 > 2010";"0,00"
"RTSE01FX";"RETROV EXT FIXO PALIO/WEEKEND/ SIENA 4pts. LE 2008>2010";"43,00"
"RTSE02FX";"RETROV EXT FIXO PALIO/WEEKEND/ SIENA 4pts. LD 2008>2010";"19,00"
"RTSE03CR";"RETROV EXT C/REM PALIO/WEEKEND/ SIENA 4pts. LE 2008>2010";"0,00"
"RTSE04CR";"RETROV EXT C/REM PALIO/WEEKEND/ SIENA 4pts. LD 2008>2010";"1,00"
"RTSE58CE";"RETROV EXT C/ELETR PALIO/WEEKEND/ SIENA 4pts. LD 2008>2010";"2,00"
"RTSE59CE";"RETROV EXT C/ELETR PALIO/WEEKEND/ SIENA 4pts. LE 2008>2010";"0,00"
"RTSE67CR";"RETROV EXT PALIO 08> 2PTS LE CR C/SENSOR";"37,00"
"RTTE08CR";"RETROV EXT C/REM STRADA ADVENTURE LOCKER 2008>2010 LD";"0,00"
"RTTE09CR";"RETROV EXT C/REM STRADA ADVENTURE LOCKER 2008>2010 LE";"0,00"
"RTTE10CE";"RETROV EXT C/ELETR STRADA ADVENTURE LOCKER 2008>2010 LD";"0,00"
"RTTE11CE";"RETROV EXT C/ELETR STRADA ADVENTURE LOCKER 2008> LE";"0,00"
"RTTE12CR";"RETROV EXT C/REM PALIO WEEKEND ADVENTURE LOCKER 2008> LD";"19,00"
"RTTE13CR";"RETROV EXT C/REM PALIO WEEKEND ADVENTURE LOCKER 2008> LE";"0,00"
"RTTE14CE";"RETROV EXT C/ELETR PALIO WEEKEND ADVENTURE LOCKER 2008> LD";"0,00"
"RTTE15CE";"RETROV EXT C/ELETR PALIO WEEKEND ADVENTURE LOCKER 2008> LE";"0,00"
"RTUC49";"CAPA RETROV TEXTURIZADA - PALIO/GRAND SIENA LE";"0,00"
"RTUC49LI";"CAPA RETROV PALIO 12> 4 PTS LE LISA";"0,00"
"RTUC50";"CAPA RETROV TEXTURIZADA - PALIO/GRAND SIENA LD";"0,00"
"RTUC50LI";"CAPA RETROV PALIO 12>  4 PTS LD";"0,00"
"RTUC88LI";"CAPA RETROV LISA P/PINTURA - IDEA NOVA 11> LD - C/PISCA";"0,00"
"RTUC89COLOR";"CAPA RETROV IDEA 11> LE CE C/PISCA COLOR";"0,00"
"RTUC89LI";"CAPA RETROV LISA P/PINTURA - IDEA NOVA 11> LE - C/PISCA";"0,00"
"RTUE49FX";"RETROV EXT FIXO PALIO / GRAND SIENA 4pts.12> LE";"0,00"
"RTUE50FX";"RETROV EXT FIXO PALIO / GRAND SIENA 4pts.12> LD";"0,00"
"RTUE51CR";"RETROV EXT C/REM PALIO/ GRAND SIENA 4pts. 12> LE";"0,00"
"RTUE52CR";"RETROV EXT C/REM PALIO/GRAND SIENA 4pts. 12> LD";"0,00"
"RTUE53CR";"RETROV EXT C/REM PALIO/ GRAND SIENA 4pts. 12> LE C/SENSOR";"0,00"
"RTUE54CE";"RETROV EXT C/ELETR PALIO/ GRAND SIENA 4pts. 12> LD";"0,00"
"RTUE55CE";"RETROV EXT C/ELETR PALIO/ GRAND SIENA 4pts. 12> LE C/SENSOR";"0,00"
"RTUE78FX";"RETROV EXT FIXO FIORINO 11> LD";"0,00"
"RTUE79FX";"RETROV EXT FIXO FIORINO 11> LE";"0,00"
"RTUE80CR";"RETROV EXT C/REM FIORINO 11> LD";"0,00"
"RTUE81CR";"RETROV EXT C/REM FIORINO 11> LE";"0,00"
"RTUE88CE";"RETROV EXT C/ELETR IDEA C/PISCA 2011>2013 LD";"0,00"
"RTUE89CE";"RETROV EXT C/ELETR IDEA C/PISCA 2011>2013 LE";"0,00"
"RTUE90CR";"RETROV EXT C/REM IDEA C/PISCA 2011>2013 LD";"0,00"
"RTUE91CR";"RETROV EXT C/REM IDEA C/PISCA 2011>2013 LE";"0,00"
"RTUE93CRCOLOR";"RETROV EXT FIAT IDEA 11> LE CR COLOR C/SENSOR";"0,00"
"RTUE95CE";"RETROV EXT C/REM IDEA C/PISCA 2011>2013 LE C/SENSOR";"0,00"
"RTUE97CR";"RETROV EXT PALIO 11/17 LE CR";"0,00"
"RTUM49";"SUBCONJUNTO PALIO/GRAND SIENA 12> LE";"0,00"
"RTUM50";"SUBCONJUNTO PALIO/GRAND SIENA 12> LD";"0,00"
"RTUM78";"SUBCONJUNTO FIORINO 11>13 LD";"0,00"
"RTUM79";"SUBCONJUNTO FIORINO 11>13 LE";"0,00"
"RTUM88";"SUBCONJUNTO IDEA 11> LD";"38,00"
"RTUM89";"SUBCONJUNTO IDEA 11> LE";"364,00"
"RTVC16";"CAPA RETROV TEXTURIZADA - PALIO 11>12 2pts. LD";"0,00"
"RTVC16COLOR";"CAPA RETROV PALIO 11> 2P LD COLOR";"2.000,00"
"RTVC16LI";"CAPA RETROV PALIO 11> 2 PORTAS LD LISA";"906,00"
"RTVC17";"CAPA RETROV TEXTURIZADA - PALIO 11>12 2pts. LE";"0,00"
"RTVC17COLOR";"CAPA RETROV PALIO 11> 2P LE COLOR";"1.875,00"
"RTVC17LI";"CAPA RETROV PALIO 11> 2 PORTAS LE LISA";"986,00"
"RTVC96";"CAPA RETROV TEXTURIZADA - UNO VIVACE LD";"0,00"
"RTVC96COLOR";"CAPA RETROV UNO 10> LD COLOR";"63,00"
"RTVC96LI";"CAPA RETROV LISA P/PINTURA - UNO VIVACE 10> LD";"0,00"
"RTVC97";"CAPA RETROV TEXTURIZADA - UNO VIVACE LE";"0,00"
"RTVC97COLOR";"CAPA RETROV UNO 10> LE COLOR";"0,00"
"RTVC97LI";"CAPA RETROV LISA P/PINTURA - UNO VIVACE 10> LE";"0,00"
"RTVE00FX";"RETROV EXT FIXO UNO MILLE ECONOMIC 2pts. 2011> LD";"0,00"
"RTVE01FX";"RETROV EXT FIXO UNO MILLE ECONOMIC 2pts. 2011> LE";"0,00"
"RTVE02CR";"RETROV EXT C/REM UNO MILLE ECONOMIC 2pts. 2011> LD";"2,00"
"RTVE03CR";"RETROV EXT C/REM UNO MILLE ECONOMIC 2pts. 2011> LE";"0,00"
"RTVE04FX";"RETROV EXT FIXO UNO MILLE ECONOMIC 4pts. 2011> LD";"0,00"
"RTVE05FX";"RETROV EXT FIXO UNO MILLE ECONOMIC 4pts. 2011> LE";"0,00"
"RTVE06CR";"RETROV EXT C/REM UNO MILLE ECONOMIC 4pts. 2011> LD";"0,00"
"RTVE07CR";"RETROV EXT C/REM UNO MILLE ECONOMIC 4pts. 2011> LE";"0,00"
"RTVE08CR";"RETROV EXT C/REM PALIO WEEKEND ADVENTURE LOCKER 4pts. 2011> LD";"0,00"
"RTVE09CR";"RETROV EXT C/REM PALIO WEEKEND ADVENTURE LOCKER 4pts. 2011> LE";"0,00"
"RTVE10CE";"RETROV EXT C/ELETR PALIO WEEKEND ADVENTURE LOCKER 4pts. 2011> LD";"0,00"
"RTVE11CE";"RETROV EXT C/ELETR PALIO WEEKEND ADVENTURE LOCKER 4pts. 2011> LE";"0,00"
"RTVE12CR";"RETROV EXT C/REM STRADA ADVENTURE LOCKER 4pts. 2011> LD";"0,00"
"RTVE13CR";"RETROV EXT C/REM STRADA ADVENTURE LOCKER 4pts. 2011> LE";"0,00"
"RTVE14CE";"RETROV EXT C/ELETR STRADA ADVENTURE LOCKER 4pts. 2011> LD";"0,00"
"RTVE15CE";"RETROV EXT C/ELETR STRADA ADVENTURE LOCKER 4pts. 2011> LE";"0,00"
"RTVE16FX";"RETROV EXT FIXO PALIO FIRE 2pts./ STRADA 2011> LD";"0,00"
"RTVE17FX";"RETROV EXT FIXO PALIO FIRE 2pts./ STRADA 2011> LE";"0,00"
"RTVE18CR";"RETROV EXT C/REM PALIO FIRE 2pts./STRADA 2011> LD";"0,00"
"RTVE19CR";"RETROV EXT C/REM PALIO FIRE 2pts./STRADA 2011> LE";"0,00"
"RTVE20CE";"RETROV EXT C/ELETR PALIO FIRE 2pts./STRADA 2011> LD";"6,00"
"RTVE21CE";"RETROV EXT C/ELETR PALIO FIRE 2pts./STRADA 2011> LE";"0,00"
"RTVE22FX";"RETROV EXT FIXO PALIO SIENA FIRE 4pts. 2011> LD";"0,00"
"RTVE23FX";"RETROV EXT FIXO PALIO SIENA FIRE 4pts. 2011> LE";"0,00"
"RTVE24CR";"RETROV EXT C/REM PALIO SIENA FIRE 4pts. 2011> LD";"0,00"
"RTVE25CR";"RETROV EXT C/REM PALIO SIENA FIRE 4pts. 2011> LE";"0,00"
"RTVE28FX";"RETROV EXT FIXO PALIO SIENA ATTRATIVE 2pts. 2011> LD";"0,00"
"RTVE29FX";"RETROV EXT FIXO PALIO SIENA ATTRATIVE 2pts. 2011> LE";"0,00"
"RTVE30CR";"RETROV EXT C/REM PALIO SIENA ATTRATIVE 2pts. 2011> LD";"0,00"
"RTVE31CR";"RETROV EXT C/REM PALIO SIENA ATTRATIVE 2pts. 2011> LE";"0,00"
"RTVE32CE";"RETROV EXT C/ELETR PALIO SIENA ATTRATIVE 2pts. 2011> LD";"0,00"
"RTVE33CE";"RETROV EXT C/ELETR PALIO SIENA ATTRATIVE 2pts. 2011> LE";"0,00"
"RTVE34FX";"RETROV EXT FIXO PALIO SIENA ATTRATIVE 4pts. 2011> LD";"0,00"
"RTVE35FX";"RETROV EXT FIXO PALIO SIENA ATTRATIVE 4pts. 2011> LE";"0,00"
"RTVE36CR";"RETROV EXT C/REM PALIO SIENA ATTRATIVE 4pts. 2011> LD";"0,00"
"RTVE37CR";"RETROV EXT C/REM PALIO SIENA ATTRATIVE 4pts. 2011> LE";"0,00"
"RTVE38CE";"RETROV EXT C/ELETR PALIO SIENA ATTRATIVE 4pts. 2011> LD";"0,00"
"RTVE39CE";"RETROV EXT C/ELETR PALIO SIENA ATTRATIVE 4pts. 2011> LE";"0,00"
"RTVE47CE";"RETROV EXT C/ELETR PALIO GRAND SIENA 4pts. 2012> LE";"0,00"
"RTVE96FX";"RETROV EXT FIXO NOVO UNO VIVACE 4pts. LD";"0,00"
"RTVE97FX";"RETROV EXT FIXO NOVO UNO VIVACE 4pts. LE";"0,00"
"RTVE98CR";"RETROV EXT C/REM NOVO UNO VIVACE 4pts. LD";"0,00"
"RTVE99CR";"RETROV EXT C/REM NOVO UNO VIVACE 4pts. LE";"0,00"
"RTVM00";"SUBCONJUNTO UNO ECONOMY 11 LD";"0,00"
"RTVM01";"SUBCONJUNTO UNO ECONOMY 11 LE";"0,00"
"RTVM08";"SUBCONJUNTO PALIO / IDEA ADVENTURE 11>14 LD";"7.031,00"
"RTVM09";"SUBCONJUNTO PALIO / IDEA ADVENTURE 11>14 LE";"8.295,00"
"RTVM16";"SUBCONJUNTO PALIO 11>12 LD";"10.399,00"
"RTVM17";"SUBCONJUNTO PALIO 11>12 LE";"0,00"
"RTVM96";"SUBCONJUNTO UNO VIVACE LD";"0,00"
"RTVM97";"SUBCONJUNTO UNO VIVACE LE";"0,00"
"RTWE00FX";"RETROV EXT FIXO NOVO UNO VIVACE 2pts. LD";"0,00"
"RTWE01FX";"RETROV EXT FIXO NOVO UNO VIVACE 2pts. LE";"0,00"
"RTWE02CR";"RETROV EXT C/REM NOVO UNO VIVACE 2pts. LD";"0,00"
"RTWE03CR";"RETROV EXT C/REM NOVO UNO VIVACE 2pts. LE";"0,00"
"RTWE78CE";"RETROV EXT C/ELETR PALIO GRAND SIENA 4pts. 2012> LD C/ TILT DOWN";"0,00"
"RTWE79CR";"RETROV EXT  DOBLO 01/09 LE CR";"0,00"
"RTWE80CR";"RETROV EXT  DOBLO 01/09 LD CR";"0,00"
"RTWE81CE";"RETROV EXT  DOBLO 01/09 LE CE";"0,00"
"RTWE82CE";"RETROV EXT  DOBLO 01/09 LD CE";"1,00"
"RTWE92CE";"RETROV EXT C/ELETR IDEA 2014> LD";"0,00"
"RTWE93CE";"RETROV EXT C/ELETR IDEA 2014> LE";"0,00"
"RTWE93CECOLOR";"RETROV EXT IDEA 14> LE CE COLOR";"0,00"
"RTWE94CR";"RETROV EXT C/REM IDEA 2014> LD";"0,00"
"RTWE95CR";"RETROV EXT C/REM IDEA 2014> LE";"0,00"
"RTWE95CRCOLOR";"RETROV EXT IDEA 14> LE CR COLOR";"0,00"
"RTWE96CE";"RETROV EXT C/REM IDEA 2014> LD";"0,00"
"RTWE97CE";"RETROV EXT C/ELETR IDEA 2014> LE C/SENSOR";"0,00"
"RTWE97CECOLOR";"RETROV EXT IDEA 14> LE CE C/SENSOR TEMP";"0,00"
"RTWE99CR";"RETROV EXT C/REM IDEA 2014> LE C/SENSOR";"5,00"
"RTWE99CRCOLOR";"RETROV EXT IDEA 14> LE CR C/SENSOR TEMP COLOR";"0,00"
"RTWM79";"LENTE RETROV DOBLO 01/09 LE";"0,00"
"RTWM80";"LENTE RETROV DOBLO 01/09 LD";"0,00"
"RTXC17COLOR";"CAPA RETROV UNO VIVACE 09> C/FURO LE COLOR";"7,00"
"RTXC17LI";"CAPA RETROV UNO VIVACE 09> C/FURO LE LISO";"414,00"
"RTXC18COLOR";"CAPA RETROV UNO VIVACE 09> C/FURO LD COLOR";"7,00"
"RTXC18LI";"CAPA RETROV UNO VIVACE 09> C/FURO LD LISO";"1.115,00"
"RTXC26";"CAPA RETROV TEXTURIZADA - TORO/ JEEP COMPASS/ JEEP COMMADER  LD";"2,00"
"RTXC26COLOR";"CAPA RETROV TORO 16> LD COLOR";"622,00"
"RTXC26LI";"COBERTURA LISA LD";"983,00"
"RTXC27";"CAPA RETROV TEXTURIZADA - TORO/ JEEP COMPASS/ JEEP COMMADER  LE";"0,00"
"RTXC27COLOR";"CAPA RETROV TORO 16> LE COLOR";"142,00"
"RTXC27LI";"CAPA RETROV TORO 16> LE LISA";"690,00"
"RTXC43LI";"CAPA RETROV DOBLO 10> LE LISA";"147,00"
"RTXC44LI";"CAPA RETROV DOBLO 10> LD LISA";"136,00"
"RTXE13CR";"RETROV EXT C/REM FIORINO 2014> LE";"0,00"
"RTXE14CR";"RETROV EXT C/REM FIORINO 2014> LD";"0,00"
"RTXE15FX";"RETROV EXT FIXO FIORINO 2014> LE";"0,00"
"RTXE16FX";"RETROV EXT FIXO FIORINO 2014> LD";"0,00"
"RTXE17CR";"RETROV EXT C/REM UNO VIVACE C/PISCA LE";"0,00"
"RTXE18CR";"RETROV EXT C/REM UNO VIVACE C/PISCA LD";"0,00"
"RTXE19CR";"RETROV EXT C/REM UNO VIVACE C/PISCA LE + SENSOR DE TEMPERATURA";"0,00"
"RTXE26CR";"RETROV EXT C/REM PICK-UP/ TORO 2016> C/PISCA SEM LUZ DE SOLO LD";"0,00"
"RTXE27CR";"RETROV EXT C/REM PICK-UP/ TORO 2016> C/PISCA SEM LUZ DE SOLO LE";"0,00"
"RTXE28CE";"RETROV EXT C/ELETR PICK UP/ TORO 2016> C/PISCA + FOLD WAY + LUZ DE SOLO LD";"0,00"
"RTXE29CE";"RETROV EXT C/ELETR PICK UP/ TORO 2016> C/PISCA + FOLD WAY + LUZ DE SOLO LE";"0,00"
"RTXE30CE";"RETROV EXT C/ELETR PICK UP/ TORO 2016> C/PISCA + FOLD WAY + FRIZO CROMADO + LUZ DE SOLO - LD";"0,00"
"RTXE31CE";"RETROV EXT C/ELETR PICK UP/ TORO 2016> C/PISCA + FOLD WAY + FRIZO CROMADO + LUZ DE SOLO - LE";"0,00"
"RTXE38CE";"RETROV EXT C/ELETR UNO VIVACE C/PISCA LD";"3,00"
"RTXE39CE";"RETROV EXT C/ELETR UNO VIVACE C/PISCA LE";"0,00"
"RTXE43CR";"RETROV EXT  DOBLO 10> LE CR";"0,00"
"RTXE44CR";"RETROV EXT  DOBLO 10> LD CR";"0,00"
"RTXE45CE";"RETROV EXT  DOBLO 10> LE CE";"0,00"
"RTXE46CE";"RETROV EXT  DOBLO 10> LD CE";"0,00"
"RTXE47CR";"RETROV EXT C/REM STRADA ADVENTURE 2014> LE";"0,00"
"RTXE48CR";"RETROV EXT C/REM STRADA ADVENTURE 2014> LD";"0,00"
"RTXE49CE";"RETROV EXT C/ELETR STRADA ADVENTURE 2014> LE";"0,00"
"RTXE50CE";"RETROV EXT C/ELETR STRADA ADVENTURE 2014> LD";"0,00"
"RTXM13";"SUBCONJUNTO FIORINO 14> LE";"0,00"
"RTXM14";"SUBCONJUNTO FIORINO 14> LD";"296,00"
"RTXM26";"SUBCONJUNTO PICK UP - TORO LD";"12.554,00"
"RTXM27";"SUBCONJUNTO PICK UP - TORO LE";"13.014,00"
"RTYC15";"CAPA RETROV ARGO 17> LE TEXTURA";"37,00"
"RTYC15COLOR";"CAPA RETROV ARGO 17> LE COLOR";"674,00"
"RTYC15CR";"CAPA RETROV ARGO 17> LE S/FURO CROMADA";"30,00"
"RTYC15LI";"CAPA RETROV LISA P/PINTURA - ARGO/ CRONOS 2017>/ NOVA STRADA LE - S/FURO DE PISCA";"667,00"
"RTYC16";"CAPA RETROV ARGO 17> LD TEXTURA";"30,00"
"RTYC16COLOR";"CAPA RETROV ARGO 17> LD COLOR";"1.073,00"
"RTYC16CR";"CAPA RETROV ARGO 17> LD S/FURO CROMADA";"25,00"
"RTYC16LI";"CAPA RETROV LISA P/PINTURA - ARGO/ CRONOS 2017>/ NOVA STRADA LD - S/FURO DE PISCA";"1.009,00"
"RTYC19COLOR";"CAPA RETROV ARGO 17> LE C/FURO COLOR";"871,00"
"RTYC19CR";"CAPA RETROV ARGO 17> LE C/FURO CROMADA";"143,00"
"RTYC19LI";"CAPA RETROV LISA P/PINTURA - ARGO/CRONOS 2017>/ NOVA STRADA LE - C/FURO P/PISCA";"93,00"
"RTYC20COLOR";"CAPA RETROV ARGO 17> LD C/FURO COLOR";"790,00"
"RTYC20CR";"CAPA RETROV ARGO 17> LD C/FURO CROMADA";"133,00"
"RTYC20LI";"CAPA RETROV LISA P/PINTURA - ARGO/CRONOS 2017>/ NOVA STRADA LD - C/FURO P/PISCA";"0,00"
"RTYC71";"CAPA RETROV MOBY LE LISA";"0,00"
"RTYC71COLOR";"PISCA RETROV MOBI 14> LE C/PISCA COLOR";"190,00"
"RTYC71LI";"CAPA RETROV LISA P/PINTURA - MOBI LE";"0,00"
"RTYC72";"CAPA RETROV MOBY LD LISA";"0,00"
"RTYC72COLOR";"PISCA RETROV MOBI 14> LD C/PISCA COLOR";"0,00"
"RTYC72LI";"CAPA RETROV LISA P/PINTURA - MOBI LD";"0,00"
"RTYE15CR";"RETROV EXT C/REM ARGO 2017> LE";"0,00"
"RTYE16CR";"RETROV EXT C/REM ARGO 2017> LD";"0,00"
"RTYE17CE";"RETROV EXT C/ELETR ARGO 2017> C/PISCA LE";"0,00"
"RTYE18CE";"RETROV EXT C/ELETR ARGO 2017> C/PISCA LD";"0,00"
"RTYE19CE";"RETROV EXT ARGO 17>  LE CE C/ PISCA C/FOLDWAY C/TILTDOWN";"47,00"
"RTYE20CE";"RETROV EXT ARGO 17>  LD CE C/ PISCA C/FOLDWAY C/TILTDOWN";"0,00"
"RTYE69CR";"RETROV EXT C/REM MOBI LE";"0,00"
"RTYE70CR";"RETROV EXT C/REM MOBI LD";"0,00"
"RTYE71CR";"RETROV EXT  FIAT MOBY 16> LE CR C/PISCA";"0,00"
"RTYE72CR";"RETROV EXT  FIAT MOBY 16> LD CR C/PISCA";"6,00"
"RTYE73CE";"RETROV EXT C/ELETR MOBI C/PISCA LE";"70,00"
"RTYE74CE";"RETROV EXT C/ELETR MOBI C/PISCA LD";"2,00"
"RTYM15";"SUBCONJUNTO ARGO/ CRONOS 2017> NOVA STRADA 2020> LE";"0,00"
"RTYM16";"SUBCONJUNTO ARGO/ CRONOS 2017> NOVA STRADA 2020> LD";"0,00"
"RTYM71";"SUBCONJUNTO MOBI LE";"76,00"
"RTYM72";"SUBCONJUNTO MOBI LD";"0,00"
"RTYM91";"LENTE RETROV CRETA 17> LE";"417,00"
"RTYM92";"LENTE RETROV CRETA 17> LD";"11,00"
"RTZE11CR";"RETROV EXT FIAT LE CR";"2,00"
"RTZE12CR";"RETROV EXT  FIAT LD CR";"0,00"
"RTZE42CR";"RETROV EXT C/REM PICK UP/ TORO 2021> C/PISCA LD (COMANDO DO CONTROLE NOVO)";"0,00"
"RTZE43CR";"RETROV EXT C/REM NOVA STRADA 2020> LD";"0,00"
"RU3581L";"PISCA RETROV EXT. IDEA/PALIO ADVENTURE LD/LE";"0,00"
"RW0I15PL";"RETROV INT SEDAN 67/76 PLANO";"0,00"
"RW0I25PL";"RETROV INT PLANO SEDAN/ BRASILIA 74>82";"0,00"
"RW1017900";"RETROV INT FOX 03> (PRISMATICO) PRETO";"0,00"
"RW1E15FX";"RETROV EXT KOMBI CLIPPER LE FIXO";"0,00"
"RW1E16FX";"RETROV EXT KOMBI CLIPPER LD FIXO";"0,00"
"RW1I12PR";"RETROV INT PRISMAT GOL 85>/ PARATI 96>";"0,00"
"RW1I45PR";"RETROV INT PRISMAT GOL/ PARATI 97>";"0,00"
"RW1I57PR";"RETROV INT GOLF 99> /AUDI A3 98>00 PRISMATICO CINZA";"0,00"
"RW1I74PL";"RETROV INT PLANO GOL/ PARATI/ SAVEIRO 00>";"0,00"
"RW1I79PR";"RETROV INT PRISMAT FOX 03>";"78,00"
"RW1I99PR";"RETROV INT PRISMAT GOL G V e G VI - SAVEIRO - VOYAGE - UP";"0,00"
"RW2C16LI";"CAPA RETROV GOL 95/98 LD LISA";"28,00"
"RW2C17LI";"CAPA RETROV GOL 95/98 LE LISA";"527,00"
"RW2C18";"CAPA RETROV LISA P/PINTURA - GOL BOLA LD";"6,00"
"RW2C19";"CAPA RETROV LISA P/PINTURA - GOL BOLA LE";"0,00"
"RW2D37FX";"RETROV EXT KOMBI CLIPPER 78 LD/LE.";"93,00"
"RW3E79C";"RETROV EXT  CAMINHAO VOLVO";"0,00"
"RW6E24FX";"RETROV EXT FIXO GOL/ VOYAGE/ PARATI LD 87>94";"0,00"
"RW6E25FX";"RETROV EXT FIXO GOL/ VOYAGE/ PARATI LE 87>94";"4,00"
"RW8B39";"LENTE RETROV CAMINHAO VOLKSWAGEN";"0,00"
"RW8E83CR";"RETROV EXT C/REM GOL/ VOYAGE/ PARATI LE 87>94";"0,00"
"RW8E84CR";"RETROV EXT C/REM GOL/ VOYAGE/ PARATI LD 87>94";"0,00"
"RW9E29FX";"RETROV EXT SANTANA 85/91 LE FIXO";"7,00"
"RW9E31CR";"RETROV EXT C/REM SANTANA/QUANTUM LE 85/90";"0,00"
"RW9E32CR";"RETROV EXT C/REM SANTANA/QUANTUM LD 85/90";"92,00"
"RWAE24CR";"RETROV EXT LOGUS/POINT.ER 93/96 LD CR";"54,00"
"RWBM91";"SUBCONJUNTO GOL BOLINHA LE";"0,00"
"RWBM92";"SUBCONJUNTO GOL BOLINHA LD";"0,00"
"RWCM37";"LENTE RETROV GOL 1000 92/94 LE";"0,00"
"RWFE88CR";"RETROV EXT C/REM GOL/ PARATI 2pts.LD 95>98";"0,00"
"RWFE89CR";"RETROV EXT C/REM GOL/ PARATI 2pts.LE 95>98";"0,00"
"RWFE90FX";"RETROV EXT FIXO GOL/ PARATI 2pts. LD 95>98";"0,00"
"RWFE91FX";"RETROV EXT FIXO GOL/ PARATI 2pts. LD 95>98";"0,00"
"RWGE24CR";"RETROV EXT C/REM GOL/ PARATI/ SAVEIRO 4pts. LD 95>98";"2,00"
"RWGE25CR";"RETROV EXT C/REM GOL/ PARATI/ SAVEIRO 4pts. LE 95>98";"0,00"
"RWGE26FX";"RETROV EXT FIXO GOL/ PARATI/ SAVEIRO 4pts. LD 95>98";"0,00"
"RWGE27FX";"RETROV EXT FIXO GOL/ PARATI/ SAVEIRO 4pts. LE 95>98";"0,00"
"RWGE29CE";"RETROV EXT  GOL 95/99 LE CE 4PTS";"0,00"
"RWGE54FX";"RETROV EXT FIXO KOMBI CLIPER LD 97>";"0,00"
"RWGE55FX";"RETROV EXT FIXO KOMBI CLIPER LE 97>";"0,00"
"RWHC13LI";"CAPA RETROV GOL 99/08 GIII/GIV LE LEITOSA";"0,00"
"RWHC14CR";"CAPA RETROV GOL 99/08 LD CROMADA";"20,00"
"RWHC14LI";"CAPA RETROV GOL 99/08 GIII/GIV LD";"185,00"
"RWHE68CR";"RETROV EXT  GOL 95/98 LD CR INDY";"0,00"
"RWHE70FX";"RETROV EXT  GOL 95/98 LD FIXO INDY";"0,00"
"RWHE72CEP";"RETROV EXT POLO 97/99 LD CE";"0,00"
"RWHE73CEP";"RETROV EXT POLO 97/99 LE CE";"0,00"
"RWHE82CE";"RETROV EXT C/ELETR SANTANA/QUANTUM LD 98>";"0,00"
"RWHE83CE";"RETROV EXT C/ELETR SANTANA/QUANTUM LE 98>";"0,00"
"RWHM13";"SUBCONJUNTO GOL G3/G4/SANTANA 99> LE";"0,00"
"RWHM14";"SUBCONJUNTO GOL G3/G4/SANTANA 99> LD";"0,00"
"RWHZ14";"LENTE RETROV GOL 99/08 LD AZUL";"2.920,00"
"RWIC230";"RETROV INT COM CAMERA DIVERSOS";"1,00"
"RWIC230C";"RETROV INT COM CAMERA DIVERSOS";"0,00"
"RWIC250";"RETROV INT COM CAMERA DIVERSOS";"0,00"
"RWIC250C";"RETROV INT COM CAMERA DIVERSOS";"0,00"
"RWJC44";"CAPA RETROV TEXTURIZADA - GOL G3/G4 LD";"0,00"
"RWJC44LH";"CAPA RETROV GOL 99/08 GIII/GIV LD C/PISCA";"0,00"
"RWJC45";"CAPA RETROV TEXTURIZADA - GOL G3/G4 LE";"0,00"
"RWJC45LH";"CAPA RETROV GOL 99/08 GIII/GIV LE LIGHT";"0,00"
"RWJE48CR";"RETROV EXT C/REM GOL/ SAVEIRO G III/ G IV 4pts. LD 99>10";"0,00"
"RWJE49CR";"RETROV EXT C/REM GOL/ SAVEIRO G III/ G IV 4pts. LE 99>10";"0,00"
"RWJE54FX";"RETROV EXT FIXO GOL/ PARATI G III/ G IV 2pts. LD 99>";"0,00"
"RWJE55FX";"RETROV EXT FIXO GOL/ PARATI G III/ G IV 2pts. LE 99>";"0,00"
"RWJE56CR";"RETROV EXT C/REM GOL/ PARATI G III/ G IV 2pts. LD 99>";"0,00"
"RWJE57CR";"RETROV EXT C/REM GOL/ PARATI G III/ G IV 2pts. LE 99>";"0,00"
"RWJE60CE";"RETROV EXT  GOL 99/08 LE CE";"1,00"
"RWKB57";"SUBCONJUNTO COM TIRANTE LE CAMINHAO VW";"0,00"
"RWKB61";"SUB CONJ AQUEC TIRANTE RETROV 450MM VW 13150/13180/15170/15180/17120/17220/17300/24220/24250/263";"0,00"
"RWKC00LI";"CAPA RETROV GOLF 00> LD CORPO LISO";"0,00"
"RWKC01COLOR";"CAPA RETROV GOLF 00> LE COLOR";"0,00"
"RWKE00CR";"RETROV EXT  GOLF/BORA 98/07 LD CR (PEQUENO)";"0,00"
"RWKE01CR";"RETROV EXT  GOLF 98/07/ BORA LE CR";"0,00"
"RWKE02CE";"RETROV EXT C/ELETR GOLF/BORA LD 98>07";"0,00"
"RWKE03CE";"RETROV EXT C/ELETR GOLF/BORA LE 98>07";"0,00"
"RWKE75CR";"RETROV EXT POLO CLASSIC 00/01 LE CR";"5,00"
"RWKE76CR";"RETROV EXT POLO CLASSIC 00/01 LD CR";"9,00"
"RWKE88CR";"RETROV EXT  GOLF 99/06 LD CR (GRANDE)";"4,00"
"RWKM00";"LENTE RETROV GOLF 98/04 LD";"0,00"
"RWKM01";"LENTE RETROV GOLF 98/04 LE";"0,00"
"RWKM02HE";"SUBCONJUNTO GOLF 99> LD C/AQUEC. LENTE AZUL MOD.PEQ.";"0,00"
"RWLC20";"CAPA RETROV GOL ESPECIAL LD (PEQ)";"0,00"
"RWLE20FX";"RETROV EXT  GOL 99/08 GIII/GIV SPECIAL 2P LD FIXO (CURTO)";"0,00"
"RWLE62CR";"RETROV EXT  GOL 99/08 GIII/GIV SPECIAL 2P LD CR (CURTO)";"8,00"
"RWLE64FX";"RETROV EXT  GOL SPECIAL 99/08 LD FIXO";"0,00"
"RWME20CR";"RETROV EXT C/REM GOL/ SAVEIRO G III/ G IV 4pts. LD 99>10";"0,00"
"RWME21CR";"RETROV EXT C/REM GOL/ SAVEIRO G III/ G IV 4pts. LE 99>10";"0,00"
"RWME22CE";"RETROV EXT C/ELETR GOL/ SAVEIRO G III/ G IV 4pts. LD 99>10";"0,00"
"RWME23CE";"RETROV EXT C/ELETR GOL/ SAVEIRO G III/ G IV 4pts. LE 99>10";"0,00"
"RWME24FX";"RETROV EXT C/FIXO GOL/ SAVEIRO G III/ G IV 4pts. LD 99>10";"0,00"
"RWME25FX";"RETROV EXT C/FIXO GOL/ SAVEIRO G III/ G IV 4pts. LE 99>10";"0,00"
"RWNC44";"CAPA RETROV TEXTURIZADA - FOX ANTIGO LD";"0,00"
"RWNC44LI";"CAPA RETROV FOX ANTIGO 03> LISO LD";"0,00"
"RWNC45";"CAPA RETROV TEXTURIZADA - FOX ANTIGO LE";"-1,00"
"RWNC45LI";"CAPA RETROV FOX ANTIGO 03> LISO LE";"0,00"
"RWNC46LI";"CAPA RETROV LISA P/PINTURA - FOX 03> LD";"0,00"
"RWNC47LI";"CAPA RETROV LISA P/PINTURA - FOX 03> LE";"0,00"
"RWNC54";"CAPA RETROV TEXTURIZADA - POLO ANTIGO LD";"0,00"
"RWNC55";"CAPA RETROV TEXTURIZADA - POLO ANTIGO LE";"0,00"
"RWNC56LI";"CAPA RETROV POLO 02> LD LISA";"0,00"
"RWNC57LI";"CAPA RETROV POLO 02> LE LISA";"0,00"
"RWNE14CE";"RETROV EXT C/ELETR FOX LD 2003>2008 C/ TILTDOWN";"9,00"
"RWNE44CR";"RETROV EXT C/REM FOX LD 2003>2008";"0,00"
"RWNE45CR";"RETROV EXT C/REM FOX LE 2003>2008";"0,00"
"RWNE48CE";"RETROV EXT C/ELETR FOX LD 2003>2008";"0,00"
"RWNE49CE";"RETROV EXT C/ELETR FOX LE 2003>2008";"0,00"
"RWNE54CR";"RETROV EXT C/REM POLO HATCH/SEDAN LD 2002>2006";"0,00"
"RWNE55CR";"RETROV EXT C/REM POLO HATCH/SEDAN LE 2002>2006";"0,00"
"RWNE56CE";"RETROV EXT C/ELETR POLO HATCH/SEDAN LD 2002>2006";"0,00"
"RWNE57CE";"RETROV EXT C/ELETR POLO HATCH/SEDAN LE 2002>2006";"0,00"
"RWNM44";"SUBCONJUNTO FOX ANTIGO LD";"0,00"
"RWNM45";"SUBCONJUNTO FOX ANTIGO LE";"43,00"
"RWNM54";"SUBCONJUNTO POLO ANTIGO LD";"0,00"
"RWNM55";"SUBCONJUNTO POLO ANTIGO LE";"0,00"
"RWPE25C";"RETROV EXT  HSKLS 1938 L.D C.E VIDRO DUPLO";"0,00"
"RWPE27C";"RETROV EXT  CAMINHÃO VW LE";"0,00"
"RWPE29C";"SUBCONJUNTO VW CONSTELLATION 06> LD/LE CAPA COMPLETA";"1,00"
"RWPE31C";"RETROV EXT VW LE";"0,00"
"RWPE34CC";"RETROV EXT VW CONSTELLATION 06> - ESPELHO DE RAMPA 315X160MM";"0,00"
"RWQE28CC";"RETROV EXT VW CONSTELLATION 06> LD CONJ COMPL VIDRO INT.EIRICO";"0,00"
"RWQE29CC";"RETROV EXT VW CONSTELLATION 06> LE CONJ COMPL VIDRO INT.EIRICO";"0,00"
"RWQE30CC";"RETROV EXT VW CONSTELLATION 06> LD CONJ COMPL VIDRO DUPLO";"0,00"
"RWQE31CC";"RETROV EXT VW CONSTELLATION 06> LE CONJ COMPL VIDRO DUPLO";"0,00"
"RWQE34CCE";"RETROV EXT VW CONSTELLATION 06> LD CE CONJ COMPL DUPLO";"0,00"
"RWQE35CCE";"RETROV EXT VW CONSTELLATION 06> LE CE CONJ COMPL DUPLO";"0,00"
"RWQE52CC";"RETROV EXT VW 7100/8120/8150 04> LD CONJ COMPL HASTE CURTA";"0,00"
"RWQE52CCSB";"RETROV EXT TITAN LD";"0,00"
"RWQE53C";"RETROV EXT VW 7100/8120/8150 04> LD CONJ PARCIAL HASTE CURTA";"0,00"
"RWQE53CC";"RETROV EXT VW 7100/8120/8150 04> LE CONJUNTO COMPLETO HASTE CURTA";"15,00"
"RWQE53CCSB";"RETROV EXT TITAN LE";"0,00"
"RWQE53CS/B";"RETROV EXT VW 7100/8120/8150 04> LD CONJ PARCIAL HASTE CURTA SEM BRAÇO";"0,00"
"RWQE54CC";"RETROV EXT VW 7100/8120 (HASTE MEDIA) 04> LD CONJUNTO COMPLETO";"0,00"
"RWQE55CC";"RETROV EXT VW 7100/8120 (HASTE MEDIA) 04> LE CONJUNTO COMPLETO";"0,00"
"RWQE56CC";"RETROV EXT VW 7100/8120/8150 04> LD CONJ COMPL HASTE LONGA";"0,00"
"RWQE57CC";"RETROV EXT VW 7100/8120 04> LE CONJUNTO COMPLETO HASTE LONGA";"0,00"
"RWQE74CE";"RETROV EXT C/ELETR POLO HATCH/SEDAN LD 2002>2006 COM TILTDOWN";"0,00"
"RWRC81LI";"CAPA RETROV LISA P/PINTURA - GOLF 07>11 LE";"0,00"
"RWRC81PRI";"CAPA RETROV GOLF 07> LE C/FURO PRIMER";"0,00"
"RWRC82LI";"CAPA RETROV LISA P/PINTURA - GOLF 07>11 LD";"0,00"
"RWRE81CE";"RETROV EXT C/ELETR GOLF 2007>2011 C/PISCA LE";"0,00"
"RWRE82CE";"RETROV EXT C/ELETR GOLF 2007>2011 C/PISCA LD";"0,00"
"RWRE83CRP";"RETROV EXT  GOLF 07/12 LE CR CAPA PRIMER";"1,00"
"RWRE84CRP";"RETROV EXT  GOLF 07> LD CAPA PRIMER";"75,00"
"RWRM81";"SUBCONJUNTO GOLF/POLO 07>11 LE";"0,00"
"RWRM82";"SUBCONJUNTO GOLF/POLO 07>11 LD";"0,00"
"RWSC27";"CAPA RETROV TEXTURIZADA - GOL/SAVEIRO G5 LE";"0,00"
"RWSC27LI";"CAPA RETROV LISA P/PINTURA - GOL/SAVEIRO G5 LE";"0,00"
"RWSC28";"CAPA RETROV TEXTURIZADA - GOL/SAVEIRO G5 LD";"0,00"
"RWSC28LI";"CAPA RETROV LISA P/PINTURA - GOL/SAVEIRO G5 LD";"0,00"
"RWSE27CE";"RETROV EXT C/ELETR GOL/ VOYAGE G 5 2008>2011 LE";"0,00"
"RWSE28CE";"RETROV EXT C/ELETR GOL/ VOLYAGE G 5 2008>2011 LD";"0,00"
"RWSE33CR";"RETROV EXT C/REM GOL/ VOLYAGE G 5 2008>2011 LE";"0,00"
"RWSE34CR";"RETROV EXT C/REM GOL/ VOLYAGE G 5 2008>2011 LD";"0,00"
"RWSM27";"SUBCONJUNTO GOL G5/VOYAGE 08>12 LE";"0,00"
"RWSM28";"SUBCONJUNTO GOL G5/VOYAGE 08>12 LD";"0,00"
"RWT9295L";"PISCA RETROV GOL 09/12 GV (PAR)";"0,00"
"RWTC42";"CAPA RETROV TEXTURIZADA FOX NOVO LD";"0,00"
"RWTC42COLOR";"CAPA RETROV FOX 09> GOL G6/G7 S/FURO LD COLOR";"897,00"
"RWTC42LI";"CAPA RETROV FOX 09> LD LISA";"1.045,00"
"RWTC42PRI";"CAPA RETROV FOX 09> LD PRIMER 42";"27,00"
"RWTC43";"CAPA RETROV TEXTURIZADA FOX NOVO LE";"0,00"
"RWTC43COLOR";"CAPA RETROV FOX 09> GOL G6/G7 S/FURO LE COLOR";"847,00"
"RWTC43LI";"CAPA RETROV FOX 09> LE LISA";"0,00"
"RWTC43PRI";"CAPA RETROV FOX 09> LE PRIMER 42";"32,00"
"RWTC46COLOR";"CAPA RETROV FOX 09> LD COLOR";"0,00"
"RWTC46L";"CAPA RETROV LISA P/PINTURA FOX NOVO 09> LD C/FURO";"0,00"
"RWTC46LH";"CAPA RETROV LISA P/ PINTURA - FOX NOVO LD C/FURO - C/PISCA";"0,00"
"RWTC46LI";"CAPA RETROV FOX 09> LD LISA";"0,00"
"RWTC47COLOR";"CAPA RETROV FOX 09> LE COLOR";"0,00"
"RWTC47L";"CAPA RETROV LISA P/PINTURA FOX NOVO 09> LE C/FURO";"0,00"
"RWTC47LH";"CAPA RETROV LISA P/ PINTURA - FOX NOVO LE C/FURO - C/PISCA";"0,00"
"RWTC47LI";"CAPA RETROV FOX 09> LE LISA";"0,00"
"RWTC64";"CAPA RETROV AMAROK 10> LD SUP TEXTURIZADA";"0,00"
"RWTC64COLOR";"CAPA RETROV AMAROK 10> LD COLOR";"0,00"
"RWTC64DBX";"COBERTURA SUP. DEEP BLACK PERL";"0,00"
"RWTC64I";"CAPA RETROV  LISA P/ PINTURA - AMAROK INFERIOR LD";"0,00"
"RWTC64LI";"CAPA RETROV  LISA P/ PINTURA - AMAROK LD";"0,00"
"RWTC64PRI";"CAPA RETROV AMAROK LD PRIMER";"0,00"
"RWTC65";"CAPA RETROV AMAROK 10> LE SUP TEXTURIZADA";"0,00"
"RWTC65COLOR";"CAPA RETROV AMAROK 10> LE COLOR";"4,00"
"RWTC65I";"CAPA RETROV  LISA P/ PINTURA - AMAROK INFERIOR LE";"0,00"
"RWTC65LI";"CAPA RETROV  LISA P/ PINTURA - AMAROK LE";"0,00"
"RWTC65PRI";"CAPA RETROV AMAROK LD PRIMER";"0,00"
"RWTC70CR";"CAPA RETROV AMAROK 10> LD INF CROMADA";"0,00"
"RWTC70IC";"CAPA RETROV AMAROK LD CROMADA";"0,00"
"RWTC70LI";"CAPA RETROV AMAROK 10> LD INF LISA";"0,00"
"RWTC71CR";"CAPA RETROV AMAROK 10> LE INF CROMADA";"0,00"
"RWTC71IC";"CAPA RETROV AMAROK LE CROMADA";"0,00"
"RWTC71LI";"CAPA RETROV AMAROK 10> LE INF LISA";"0,00"
"RWTC90";"CAPA RETROV  GOL/SAVEIRO G5 LD C/FURO TEXT";"655,00"
"RWTC90LH";"CAPA RETROV LISA P/PINTURA - GOL/ SAVEIRO G5 LD C/FURO - C/PISCA";"0,00"
"RWTC90LI";"CAPA RETROV LISA P/PINTURA - GOL/SAVEIRO G5 LD C/FURO DO PISCA";"649,00"
"RWTC91";"CAPA RETROV GOL/SAVEIRO G5 LE C/FURO TEXT";"765,00"
"RWTC91LH";"CAPA RETROV LISA P/PINTURA - GOL/ SAVEIRO G5 LE C/FURO - C/PISCA";"0,00"
"RWTC91LI";"CAPA RETROV LISA P/PINTURA - GOL/SAVEIRO G5 LE C/FURO DO PISCA";"643,00"
"RWTE20CE";"RETROV EXT C/ELETR FOX 2009> LD - C/PISCA";"0,00"
"RWTE42CR";"RETROV EXT C/REM FOX 2009> LD";"0,00"
"RWTE43CR";"RETROV EXT C/REM FOX 2009> LE";"0,00"
"RWTE46CE";"RETROV EXT C/ELETR FOX 2009> LD - C/PISCA - TILTDOWN";"0,00"
"RWTE47CE";"RETROV EXT C/ELETR FOX 2009> LE - C/PISCA";"0,00"
"RWTE56CR";"RETROV EXT C/REM SAVEIRO G 5 LD 2010>2011";"0,00"
"RWTE57CR";"RETROV EXT C/REM SAVEIRO G 5 LE 2010>2011";"15,00"
"RWTE60CE";"RETROV EXT C/ELETR SAVEIRO G 5 LD 2010>2011";"0,00"
"RWTE61CE";"RETROV EXT C/ELETR SAVEIRO G 5 LE 2010>2011";"0,00"
"RWTE62CE";"RETROV EXT SAVEIRO LD CE PRIMER";"1,00"
"RWTE64FX";"RETROV EXT  AMAROK 10> LD FIXO";"31,00"
"RWTE64FXH";"RETROV EXT FIXO AMAROK 2010> LD - ANTENA FM2/GPS";"0,00"
"RWTE65FX";"RETROV EXT FIXO AMAROK 2010> LE";"0,00"
"RWTE66CE";"RETROV EXT  AMAROK 10> LD CE";"0,00"
"RWTE66CEE1";"RETROV EXT  AMAROK 10> LD CE C/PRETO A/FM";"0,00"
"RWTE66CEF1";"RETROV EXT  AMAROK 10> LD CE C/FOLD 10 VI";"0,00"
"RWTE66CEJ";"RETROV EXT C/ELETR AMAROK 2010> LD (CONEC. AZUL) - ANTENA FM2/GPS";"0,00"
"RWTE66CEJ1";"RETROV EXT C/ELETR AMAROK 2010> LD (CONEC. PRETO) - ANTENA FM2/GPS";"0,00"
"RWTE66CEK1";"RETROV EXT C/ELETR AMAROK 2014> LD (CONEC. PRETO) - FOLDWAY - ANTENA FM2/GPS";"26,00"
"RWTE67CE";"RETROV EXT  AMAROK 10> LE CE";"0,00"
"RWTE67CEA";"RETROV EXT C/ELETR AMAROK 2010> LE (CONEC. AZUL) - ANTENA AM/FM";"0,00"
"RWTE67CEA1";"RETROV EXT C/ELETR AMAROK 2014> LE (CONEC. PRETO) - ANTENA AM/FM";"0,00"
"RWTE67CEC1";"RETROV EXT C/ELETR AMAROK 2014> LE (CONEC. PRETO) - FOLDWAY - ANTENA AM/FM";"0,00"
"RWTE67CEK1";"RETROV EXT  AMAROK 14> LE C/FOLDWAY";"0,00"
"RWTE68CEB1";"RETROV EXT  AMAROK 10> LD CE C/PRIMER 10";"0,00"
"RWTE68CEF";"RETROV EXT  AMAROK 10> LD CE C/PRI 6 FM";"0,00"
"RWTE68CEF1";"RETROV EXT  AMAROK 10> LD CE C/FOLC/PRI 1";"0,00"
"RWTE68CEK";"RETROV EXT  AMAROK 10> LD CE C/PRI GPS 6";"0,00"
"RWTE68CEK1";"RETROV EXT  AMAROK 10> LD CE C/PRI GPS 10";"0,00"
"RWTE69CEB";"RETROV EXT  AMAROK 10> LE CE C/PRI 6 FM";"0,00"
"RWTE69CEB1";"RETROV EXT  AMAROK 10> LE CE C/PRI 10 FM";"0,00"
"RWTE70CEC";"RETROV EXT  AMAROK 14 CE LD";"0,00"
"RWTE70CED1";"RETROV EXT  AMAROK 10> LD CE C/PISCA E FOLDWAY";"0,00"
"RWTE70CEL";"RETROV EXT C/ELETR AMAROK 2010> LD -CAPA INF. CROM. (CONEC. AZUL) ANTENA FM2/GPS";"0,00"
"RWTE70CEL1";"RETROV EXT C/ELETR AMAROK 2010> LD -CAPA INF. CROM. (CONEC. PRETO) ANTENA FM2/GPS";"0,00"
"RWTE70CEM1";"RETROV EXT C/ELETR AMAROK 2014> LD -CAPA INF. CROM. (CONEC. PRETO) - FOLDWAY - ANTENA FM2/GPS";"0,00"
"RWTE71CEC1";"RETROV EXT C/ELETR AMAROK 2010> LD -CAPA INF. CROM. (CONEC. PRETO) ANTENA AM/FM";"0,00"
"RWTE71CECC";"RETROV EXT C/ELETR AMAROK 2010> LE -CAPA INF. CROM. (CONEC. AZUL) ANTENA AM/FM";"0,00"
"RWTE71CEE1";"RETROV EXT C/ELETR AMAROK 2014> LE -CAPA INF. CROM. (CONEC. PRETO) - FOLDWAY - ANTENA AM/FM";"0,00"
"RWTE94CR";"RETROV EXT C/REM SAVEIRO G 5 CROSS LD - C/PISCA 2010>2011";"0,00"
"RWTE95CR";"RETROV EXT C/REM SAVEIRO G 5 CROSS LE - C/PISCA 2010>2011";"0,00"
"RWTE95CRCOLOR";"RETROV EXT SAVEIRO 10> GV CROSS LE CR C/PISCA COLOR";"0,00"
"RWTE96CE";"RETROV EXT C/ELETR SAVEIRO G 5 CROSS LD - C/PISCA 2010>2011";"0,00"
"RWTE97CE";"RETROV EXT C/ELETR SAVEIRO G 5 CROSS LE - C/PISCA 2010>2011";"0,00"
"RWTE97CECOLOR";"RETROV EXT SAVEIRO 10> GV CROSS LE CE C/PISCA COLOR";"0,00"
"RWTM42";"SUBCONJUNTO FOX/ GOL G6/ VOYAGE/ POLO/ GOLF/ UP LD";"0,00"
"RWTM43";"SUBCONJUNTO FOX/ GOL G6/ VOYAGE/ POLO/ GOLF/ UP LE";"0,00"
"RWTM56";"SUBCONJUNTO SAVEIRO G5 08>12 LD";"18,00"
"RWTM57";"SUBCONJUNTO SAVEIRO G5 08>12 LE";"0,00"
"RWTM64";"LENTE RETROV AMAROK 10/14 LD S/TÉRMICO";"0,00"
"RWTM65";"LENTE RETROV AMAROK 10/14 LE S/TÉRMICO";"0,00"
"RWTM66";"SUBCONJUNTO AMAROK C/TÉRMICO LD";"0,00"
"RWTM66S";"LENTE RETROV AMAROK 10/14 LD S/BASE";"616,00"
"RWTM67";"SUBCONJUNTO AMAROK C/TÉRMICO LE";"1,00"
"RWTM67S";"LENTE RETROV AMAROK 10/14 LE S/BASE";"33,00"
"RWUE17CC";"RETROV EXT  CAMINHAO VW LE";"0,00"
"RWUE18CC";"RETROV EXT  CAMINHAO VW LD";"0,00"
"RWUE19CC";"RETROV EXT VW HS LHD LE BIPARTIDO";"0,00"
"RWUE20CC";"RETROV EXT VW HS LHD LD BIPARTIDO";"0,00"
"RWUE21CCE";"RETROV EXT  CAMINHAO VW LE CE";"0,00"
"RWUE22CCE";"RETROV EXT  CAMINHAO VW LD CE";"0,00"
"RWUE23CCE";"RETROV EXT  CAMINHAO VW LE CE LHD";"0,00"
"RWUE24CCE";"RETROV EXT  CAMINHAO VW LD";"0,00"
"RWUE25CC";"RETROV EXT LHD LE";"0,00"
"RWUE28CC";"RETROV EXT VW HS LHD LD BIPARTIDO";"0,00"
"RWUE32CCE";"RETROV EXT  CONSTELATION 06/10 - CONJUNTO COMPLETO";"0,00"
"RWUE82CE";"RETROV EXT C/ELETR GOL/ VOYAGE G 5 2009> LD - C/PISCA";"0,00"
"RWUE83CE";"RETROV EXT C/ELETR GOL/ VOYAGE G 5 2009> LE - C/PISCA";"0,00"
"RWVE70CR";"RETROV EXT C/REM GOL/ VOYAGE 2012> LD";"4,00"
"RWVE71CR";"RETROV EXT C/REM GOL/ VOYAGE 2012> LE";"0,00"
"RWVE74CR";"RETROV EXT C/REM GOL/ VOYAGE 2012> 2012 LD - C/PISCA";"0,00"
"RWVE75CR";"RETROV EXT C/REM GOL/ VOYAGE 2012> 2012 LE - C/PISCA";"0,00"
"RWVE76CE";"RETROV EXT C/ELETR GOL/ VOYAGE 2012> LD";"0,00"
"RWVE77CE";"RETROV EXT C/ELETR GOL/ VOYAGE 2012> LE";"0,00"
"RWVE80CE";"RETROV EXT C/ELETR GOL/ VOYAGE 2012> LD - C/PISCA";"0,00"
"RWVE81CE";"RETROV EXT C/ELETR GOL/ VOYAGE 2012> LE - C/PISCA";"0,00"
"RWVE82CR";"RETROV EXT C/REM SAVEIRO G 6/ GOL G 6 - 2pts. - 2012> LD";"0,00"
"RWVE83CR";"RETROV EXT C/REM SAVEIRO G 6/ GOL G 6 - 2pts. - 2012> LE";"42,00"
"RWVE86CE";"RETROV EXT C/ELETR SAVEIRO G 6/ GOL G 6 - 2pts. - 2012> LD";"0,00"
"RWVE86CECOLOR";"RETROV EXT SAVEIRO 12> GV LD CE COLOR";"0,00"
"RWVE87CE";"RETROV EXT C/ELETR SAVEIRO G 6/ GOL G 6 - 2pts. - 2012> LE";"0,00"
"RWVE88CE";"RETROV EXT C/ELETR SAVEIRO G5 - 2012> LD - C/PISCA";"0,00"
"RWVE89CE";"RETROV EXT C/ELETR SAVEIRO G5 - 2012> LE - C/PISCA";"0,00"
"RWWC43";"CAPA RETROV HS BIPARTIDO LE";"0,00"
"RWWC44";"CAPA RETROV HS BIPARTIDO LD";"0,00"
"RWWE04CE";"RETROV EXT C/ELETR GOLF 2012> LD - C/PISCA";"0,00"
"RWWE05CE";"RETROV EXT C/ELETR GOLF 2012> LE - C/PISCA";"0,00"
"RWWE08CR";"RETROV EXT C/REM FOX 2009 C/PISCA LD";"0,00"
"RWWE09CR";"RETROV EXT C/REM FOX 2009 C/PISCA LE";"0,00"
"RWWE43CC";"RETROV EXT VW HS LHD LE BIPARTIDO";"0,00"
"RWWE44CC";"RETROV EXT VW HS RHD LE BIPARTIDO";"0,00"
"RWWE45CCE";"RETROV EXT VW HS BI-PARTIDO LE LHD";"0,00"
"RWWE46CCE";"RETROV EXT VW HS BI-PARTIDO LD LHD";"0,00"
"RWWE69CE";"RETROV EXT C/ELETR GOL G6 2012> S/PISCA LE CONECTOR 3 FIOS";"1,00"
"RWWE73CE";"RETROV EXT C/ELETR/ SAVEIRO/ GOL G6 2012> 2pts. S/PISCA LE CONECTOR 3 FIOS";"0,00"
"RWWE83CR";"RETROV EXT C/REM UP - 2014> LD";"0,00"
"RWWE84CR";"RETROV EXT C/REM UP - 2014> LE";"0,00"
"RWWE88CE";"RETROV EXT C/ELETR UP - 2014> LD";"2,00"
"RWWE89CE";"RETROV EXT C/ELETR UP - 2014> LE";"0,00"
"RWWM43";"LENTE RETROV COSTELATION LE";"0,00"
"RWWM44";"LENTE RETROV INF COSTELATION LE";"0,00"
"RWWN44";"SUBCONJUNTO VW CONSTELATION SUPERIOR LD";"0,00"
"RWWN45";"SUBCONJUNTO VW CONSTELATION SUPERIOR LE";"0,00"
"RWXE55CR";"RETROV EXT C/REM FOX 15> LE";"8,00"
"RWXE56CR";"RETROV EXT C/REM FOX 15> LD";"0,00"
"RWXE57CE";"RETROV EXT C/ELETR FOX 15> C/PISCA LE";"0,00"
"RWXE58CE";"RETROV EXT C/ELETR FOX 15> C/PISCA LD";"0,00"
"RWXE59CR";"RETROV EXT C/REM FOX 15> C/PISCA LE";"0,00"
"RWXE60CR";"RETROV EXT C/REM FOX 15> C/PISCA LD";"0,00"
"RWXE62CE";"RETROV EXT C/ELETR FOX 15> C/PISCA LD - COM TILT DOWN";"0,00"
"RWYC11COLOR";"CAPA RETROV GOLF 15> LE COLOR";"0,00"
"RWYC11LI";"CAPA RETROV LISA P/PINTURA GOLF 2014> LE";"0,00"
"RWYC12COLOR";"CAPA RETROV GOLF 15> LD COLOR";"0,00"
"RWYC12LI";"CAPA RETROV LISA P/PINTURA GOLF 2014> LD";"0,00"
"RWYE11CE";"RETROV EXT C/ELETR GOLF 15> C/PISCA LE";"0,00"
"RWYE12CE";"RETROV EXT C/ELETR GOLF 15> C/PISCA LD";"0,00"
"RWYE13CE";"RETROV EXT C/ELETR GOLF 15> C/PISCA LE - COM POWER FOLD";"0,00"
"RWYE14CE";"RETROV EXT C/ELETR GOLF 15> C/PISCA LD - COM POWER FOLD";"0,00"
"RWYE25CC";"RETROV EXT TITAM 2000 LE LEVE";"0,00"
"RWYE26CC";"RETROV EXT TITAM 2000 LD LEVE";"0,00"
"RWYE29CC";"RETROV EXT TITAM 2000 LE MEDIO";"0,00"
"RWYE30CC";"RETROV EXT TITAM 2000 LD MEDIO";"0,00"
"RWYM11";"SUBCONJUNTO GOLF 7 2105> LE";"0,00"
"RWYM12";"SUBCONJUNTO GOLF 7 2105> LD";"103,00"
"RWZE06CE";"RETROV EXT C/ELETR UP - 2014> LD C/TILD DOWN";"0,00"
"RWZE89CE";"RETROV EXT VW TAOS CE S/CENSOR LE";"0,00"
"RWZE90CE";"RETROV EXT VW TAOS CE S/CENSOR LD";"0,00"
"RWZE91CE";"RETROV EXT VW TAOS CE C/CENSOR LUZ DE SOLO LE";"0,00"
"RWZE92CE";"RETROV EXT VW TAOS CE C/CENSOR LUZ SOLO LD";"0,00"
"RWZM89";"SUBCONJUNTO TAOS 2021> LE";"0,00"
"RWZM90";"SUBCONJUNTO TAOS 2021> LD";"0,00"
"RYTM04";"LENTE RETROV TR4 LD";"0,00"
"RYTM05";"LENTE RETROV TR4 LE";"0,00"
"S2043F18";"SUPORTE MB 1620 S/ MANCAL";"0,00"
"S2057222";"SUBCONJUNTO COURIER  97> LD";"0,00"
"S2075438";"SUBCONJUNTO F1000 LD CE";"0,00"
"S2075538";"SUBCONJUNTO F1000 LE CE";"0,00"
"S2088331";"SUBCONJUNTO GOL/ VOYAGE/ PARATI  87>94 LE";"236,00"
"S2088431";"SUBCONJUNTO GOL/ VOYAGE/ PARATI  87>94 LD";"0,00"
"S20A4071015";"SUBCONJUNTO COM BASE INF. RETROV.1933";"0,00"
"S20AU231";"SUB. RETROV. HB20 22> LD";"0,00"
"S20AU331";"SUB. RETROV. HB20 22> LE";"0,00"
"S20B8740";"SUBCONJUNTO BANDEIRANTE 92> LE";"580,00"
"S20B8840";"SUBCONJUNTO BANDEIRANTE 92> LD";"443,00"
"S20D7231GI";"SUBCONJUNTO S10/ BLAZER/ SILVERADO 95>12 LD C/MARCA";"0,00"
"S20H1931";"SUBCONJUNTO VECTRA  96>99 LE";"15,00"
"S20H2031";"SUBCONJUNTO VECTRA  96>99 LD";"315,00"
"S20N3371";"SUBCONJUNTO ASTRA 99> LE AZUL";"0,00"
"S20Q4431GIH";"SUBCONJUNTO S10/ BLAZER/ SILVERADO 95>12 LD TERMICO";"0,00"
"S20U6431";"LENTE RETROV C/BASE PEQUENA";"0,00"
"S20U6531";"SUBCONJUNTO FORD CARGO SUPERIOR MENOR LE";"0,00"
"S20Y2400";"SUPORTE CURTO VW 8.150 S/ MANCAL";"0,00"
"S20Y2700";"SUPORTE MEDIO VW 8.150 S/ MANCAL";"0,00"
"S20Y3100";"SUPORTE LONGO VW 8.150 S/ MANCAL";"0,00"
"SV2027A31";"LAMINA LENTE RETROV INF COSTELLATION E/D";"0,00"
"SV2064090";"LAMINA ESPELHO CAMINHAO CONVEXA";"0,00"
"SV2086390";"LAMINA ESPELHO CONVEXA MERCEDES CAMINHAO";"0,00"
"SV20A0290DF";"LAMINA LENTE ESPELHO DE RAMPA";"0,00"
"SV20A1531";"SUBCONJUNTO COM BASE COSTELLATION LD/LE";"0,00"
"SV20G0830";"LAMINA ESPELHO CONVEXA CAMINHÃO";"0,00"
"SV20P2790";"LAMINA LENTE SUB COSTELLATION 27C";"0,00"
"SV20U6490";"SUBCONJUNTO FORD CARGO SUPERIOR MENOR SEM BASE";"0,00"
"SV20W4390";"SUBCONJUNTO - VW COSTELLATION LE/LD";"180,00"
"SV20Y6390";"LAMINA ESPELHO CONVEXA C/LOGO PRIME";"0,00"
"X2085900";"ESPELHO CONVEXO 1620";"0,00"
